Tool_Name	tool_homepage_url	Tool_Description	Available	Center	PMID	Electronic_Location_Identifier	Article_Title	Article_Date	Abstract	Journal_Title	ISSN	CFDE_Grant	Citations	Readers_Count	Altmetric_Score	Facebook_Shares	Readers_in_Mendeley	Mentions_in_social_media	Twitter_accounts_that_tweeted_this_publication	Scientists_who_mentioned_the_publication_on_Twitter	Institution	Country
ARCHS4	https://maayanlab.cloud/archs4/	Massive mining of publicly available RNA-seq data from human and mouse	True	DCIC	29636450	10.1038/s41467-018-03751-6	Massive mining of publicly available RNA-seq data from human and mouse	2018-04-10	RNA sequencing (RNA-seq) is the leading technology for genome-wide transcript quantification. However, publicly available RNA-seq data is currently provided mostly in raw form, a significant barrier for global and integrative retrospective analyses. ARCHS4 is a web resource that makes the majority of published RNA-seq data from human and mouse available at the gene and transcript levels. For developing ARCHS4, available FASTQ files from RNA-seq experiments from the Gene Expression Omnibus (GEO) were aligned using a cloud-based infrastructure. In total 187,946 samples are accessible through ARCHS4 with 103,083 mouse and 84,863 human. Additionally, the ARCHS4 web interface provides intuitive exploration of the processed data through querying tools, interactive visualization, and gene pages that provide average expression across cell lines and tissues, top co-expressed genes for each gene, and predicted biological functions and protein-protein interactions for each gene based on prior knowledge combined with co-expression.	Nature communications	2041-1723		106.0		69.0		438.0		116.0			
BioJupies	http://biojupies.cloud	Automated Generation of Interactive Notebooks for RNASeq Data Analysis in the Cloud.	True	DCIC	30447998	10.1016/j.cels.2018.10.007	BioJupies Automated Generation of Interactive Notebooks for RNASeq Data Analysis in the Cloud.	2018-11-14	BioJupies is a web application that enables the automated creation storage and deployment of Jupyterxa0Notebooks containing RNAseq data analyses. Through an intuitive interface novice users can rapidly generate tailored reports to analyze and visualize their own raw sequencing files gene expression tables or fetch data from 9000 published studies containing 300000 preprocessed RNAseq samples. Generated notebooks have the executable code of the entire pipeline rich narrative text interactive data visualizations differential expression and enrichment analyses. The notebooks are permanently stored in the cloud and made available online through a persistent URL. The notebooks are downloadable customizable and can run within a Docker container. By providing an intuitive user interface for notebook generation for RNAseq data analysis starting from the raw reads all the way to a complete interactive and reproducible report BioJupies is a useful resource for experimental and computational biologists. BioJupies is freely available as a webbased application from http//biojupies.cloud.	Cell systems	2405-4712	CA224260	22.0	119.0	111.0		117.0	2.0	83.0	46.0	Icahn School of Medicine at Mount Sinai	USA
ChEA3	https://maayanlab.cloud/ChEA3	transcription factor enrichment analysis by orthogonal omics integration.	True	DCIC	31114921	10.1093/nar/gkz446	ChEA3 transcription factor enrichment analysis by orthogonal omics integration.	2019-05-22	Identifying the transcription factors TFs responsible for observed changes in gene expression is an important step in understanding gene regulatory networks. ChIPX Enrichment Analysis 3 ChEA3 is a transcription factor enrichment analysis tool that ranks TFs associated with usersubmitted gene sets. The ChEA3 background database contains a collection of gene set libraries generated from multiple sources including TFgene coexpression from RNAseq studies TFtarget associations from ChIPseq experiments and TFgene cooccurrence computed from crowdsubmitted gene lists. Enrichment results from these distinct sources are integrated to generate a composite rank that improves the prediction of the correct upstream TF compared to ranks produced by individual libraries. We compare ChEA3 with existing TF prediction tools and show that ChEA3 performs better. By integrating the ChEA3 libraries we illuminate general transcription factor properties such as whether the TF behaves as an activator or a repressor. The ChEA3 webserver is available from https//amp.pharm.mssm.edu/ChEA3.	Nucleic acids research	1362-4962	CA224260	10.0	74.0	14.0		74.0		21.0	11.0	Icahn School of Medicine at Mount Sinai	USA
Cite-D-Lite	https://chrome.google.com/webstore/detail/cite-d-lite/ipiffhgeigmiffclkpkgdaklbdgdegkk%3Fhl%3Den	Simple-to-use browser extension that generates downloadable files (.ris, .bib, .enw) compatible with various reference managers	True	DCIC																		
Clarion	https://www.lincsclarion.org/%23/	Millions of Micro Environment Perturbations at a click	True	MEP LINCS																		
CLUE Platform	https://clue.io/	Computational environment to interface with the L1000 data	True	LINCS Transcriptomics	29195078	10.1016/j.cell.2017.10.049	A Next Generation Connectivity Map L1000 Platform and the First 1,000,000 Profiles	2017-11-30	We previously piloted the concept of a Connectivity Map (CMap), whereby genes, drugs, and disease states are connected by virtue of common gene-expression signatures. Here, we report more than a 1,000-fold scale-up of the CMap as part of the NIH LINCS Consortium, made possible by a new, low-cost, high-throughput reduced representation expression profiling method that we term L1000. We show that L1000 is highly reproducible, comparable to RNA sequencing, and suitable for computational inference of the expression levels of 81% of non-measured transcripts. We further show that the expanded CMap can be used to discover mechanism of action of small molecules, functionally annotate genetic variants of disease genes, and inform clinical trials. The 1.3 million L1000 profiles described here, as well as tools for their analysis, are available at https://clue.io.	Cell	1097-4172		497.0	1136.0			1136.0	4.0	80.0			
CLUE Repurposing App	https://clue.io/repurposing-app	Tool to explore repurposing collection of ~5000 tool compounds and drugs	True	LINCS Transcriptomics																		
CREEDS	https://maayanlab.cloud/CREEDS/	Collections of processed gene, drug and disease signatures from GEO	True	DCIC	27667448	10.1038/ncomms12846	Extraction and analysis of signatures from the Gene Expression Omnibus by the crowd	2016-09-26	Gene expression data are accumulating exponentially in public repositories. Reanalysis and integration of themed collections from these studies may provide new insights, but requires further human curation. Here we report a crowdsourcing project to annotate and reanalyse a large number of gene expression profiles from Gene Expression Omnibus (GEO). Through a massive open online course on Coursera, over 70 participants from over 25 countries identify and annotate 2,460 single-gene perturbation signatures, 839 disease versus normal signatures, and 906 drug perturbation signatures. All these signatures are unique and are manually validated for quality. Global analysis of these signatures confirms known associations and identifies novel associations between genes, diseases and drugs. The manually curated signatures are used as a training set to develop classifiers for extracting similar signatures from the entire GEO repository. We develop a web portal to serve these signatures for query, download and visualization.	Nature communications	2041-1723		76.0	218.0	39.0	3.0	218.0		41.0			
Crowdsourcing Portal	http://www.maayanlab.net/crowdsourcing/	On this web-site you can submit your contributions to the microtasks and megatasks assignments listed on this site.	True	DCIC	27667448	10.1038/ncomms12846	Extraction and analysis of signatures from the Gene Expression Omnibus by the crowd	2016-09-26	Gene expression data are accumulating exponentially in public repositories. Reanalysis and integration of themed collections from these studies may provide new insights, but requires further human curation. Here we report a crowdsourcing project to annotate and reanalyse a large number of gene expression profiles from Gene Expression Omnibus (GEO). Through a massive open online course on Coursera, over 70 participants from over 25 countries identify and annotate 2,460 single-gene perturbation signatures, 839 disease versus normal signatures, and 906 drug perturbation signatures. All these signatures are unique and are manually validated for quality. Global analysis of these signatures confirms known associations and identifies novel associations between genes, diseases and drugs. The manually curated signatures are used as a training set to develop classifiers for extracting similar signatures from the entire GEO repository. We develop a web portal to serve these signatures for query, download and visualization.	Nature communications	2041-1723		76.0	218.0	39.0	3.0	218.0		41.0			
cynetworkbrowser	https://cynetworkbrowser.umt.edu/	An interactive tool for generating and viewing protein interaction networks	False	DCIC																		
Datasets2Tools	http://maayanlab.cloud/datasets2tools	Datasets2Tools repository and search engine for bioinformatics datasets tools and canned analyses	True	DCIC	29485625	10.1038/sdata.2018.23	Datasets2Tools repository and search engine for bioinformatics datasets tools and canned analyses.	2018-02-27	Biomedical data repositories such as the Gene Expression Omnibus GEO enable the search and discovery of relevant biomedical digital data objects. Similarly resources such as OMICtools index bioinformatics tools that can extract knowledge from these digital data objects. However systematic access to pregenerated canned analyses applied by bioinformatics tools to biomedical digital data objects is currently not available. Datasets2Tools is a repository indexing 31473 canned bioinformatics analyses applied to 6431 datasets. The Datasets2Tools repository also contains the indexing of 4901 published bioinformatics software tools and all the analyzed datasets. Datasets2Tools enables users to rapidly find datasets tools and canned analyses through an intuitive web interface a Google Chrome extension and an API. Furthermore Datasets2Tools provides a platform for contributing canned analyses datasets and tools as well as evaluating these digital objects according to their compliance with the findable accessible interoperable and reusable FAIR principles. By incorporating community engagement Datasets2Tools promotes sharing of digital resources to stimulate the extraction of knowledge from biomedical research data. Datasets2Tools is freely available from http//amp.pharm.mssm.edu/datasets2tools.	Scientific data	2052-4463	HL127624	3.0	58.0	20.0		58.0		36.0	20.0	Icahn School of Medicine at Mount Sinai	UK
Drug Gene Budger	http://DGB.cloud	An application for ranking drugs to modulate a specific gene based on transcriptomic signatures.	True	DCIC	30169739	10.1093/bioinformatics/bty763	Drug Gene Budger  DGB : an application for ranking drugs to modulate a specific gene based on transcriptomic signatures.		Mechanistic molecular studies in biomedical research often discover important genes that are aberrantly over- or under-expressed in disease. However  manipulating these genes in an attempt to improve the disease state is challenging. Herein  we reveal Drug Gene Budger  DGB   a web-based and mobile application developed to assist investigators in order to prioritize small molecules that are predicted to maximally influence the expression of their target gene of interest. With DGB  users can enter a gene symbol along with the wish to up-regulate or down-regulate its expression. The output of the application is a ranked list of small molecules that have been experimentally determined to produce the desired expression effect. The table includes log-transformed fold change  P-value and q-value for each small molecule  reporting the significance of differential expression as determined by the limma method. Relevant links are provided to further explore knowledge about the target gene  the small molecule and the source of evidence from which the relationship between the small molecule and the target gene was derived. The experimental data contained within DGB is compiled from signatures extracted from the LINCS L1000 dataset  the original Connectivity Map  CMap  dataset and the Gene Expression Omnibus  GEO . DGB also presents a specificity measure for a drug-gene connection based on the number of genes a drug modulates. DGB provides a useful preliminary technique for identifying small molecules that can target the expression of a single gene in human cells and tissues.    The application is freely available on the web at http://DGB.cloud and as a mobile phone application on iTunes https://itunes.apple.com/us/app/drug-gene-budger/id1243580241  mt=8 and Google Play https://play.google.com/store/apps/details  id=com.drgenebudger.    Supplementary data are available at Bioinformatics online.	Bioinformatics (Oxford, England)	1367-4811	CA224260	1.0	35.0	16.0						Department of Pharmacological Scis	USA
Drug Pathway Browser	https://lincs.hms.harvard.edu/explore/pathway/	Interactive map of key signal transduction pathways and drug-target data	True	HMS LINCS	22003129	10.1073/pnas.1018854108	Subtype and pathway specific responses to anticancer compounds in breast cancer	2012-02-21	Breast cancers are comprised of molecularly distinct subtypes that may respond differently to pathway-targeted therapies now under development. Collections of breast cancer cell lines mirror many of the molecular subtypes and pathways found in tumors, suggesting that treatment of cell lines with candidate therapeutic compounds can guide identification of associations between molecular subtypes, pathways, and drug response. In a test of 77 therapeutic compounds, nearly all drugs showed differential responses across these cell lines, and approximately one third showed subtype-, pathway-, and/or genomic aberration-specific responses. These observations suggest mechanisms of response and resistance and may inform efforts to develop molecular assays that predict clinical response.	PNAS	1091-6490		334.0	506.0	9.0		506.0		3.0			
Drug Response Browser	https://lincs.hms.harvard.edu/explore/10.1038-nchembio.1337/fallahi-sichani-2013/	Online tool for browsing breast cancer cell line drug dose-response data	False	HMS LINCS																		
Drug/Cell-Line Browser	http://www.maayanlab.net/LINCS/DCB/	DCB provides interactive visualization of cancer cell-line viability data	True	DCIC	25100688	10.1093/bioinformatics/btu526	Drug/Cell-line Browser: interactive canvas visualization of cancer drug/cell-line viability assay datasets	2014-11-15	Recently, several high profile studies collected cell viability data from panels of cancer cell lines treated with many drugs applied at different concentrations. Such drug sensitivity data for cancer cell lines provide suggestive treatments for different types and subtypes of cancer. Visualization of these datasets can reveal patterns that may not be obvious by examining the data without such efforts. Here we introduce Drug/Cell-line Browser (DCB), an online interactive HTML5 data visualization tool for interacting with three of the recently published datasets of cancer cell lines/drug-viability studies. DCB uses clustering and canvas visualization of the drugs and the cell lines, as well as a bar graph that summarizes drug effectiveness for the tissue of origin or the cancer subtypes for single or multiple drugs. DCB can help in understanding drug response patterns and prioritizing drug/cancer cell line interactions by tissue of origin or cancer subtype.	Bioinformatics (Oxford, England)	1460-2059		6.0	30.0	4.0	2.0	30.0		6.0			
DToxS Portal	https://martip03.u.hpc.mssm.edu/	Web portal to provide access to the DToxS Center's data, metadata and analyses	True	DToxS																		
Enrichr	http://maayanlab.cloud/Enrichr	Interactive and collaborative HTML5 gene list enrichment analysis tool.	True	DCIC	23586463	10.1186/1471-2105-14-128	Enrichr interactive and collaborative HTML5 gene list enrichment analysis tool.	2013-04-15	Systemwide profiling of genes and proteins in mammalian cells produce lists of differentially expressed genes/proteins that need to be further analyzed for their collective functions in order to extract new knowledge. Once unbiased lists of genes or proteins are generated from such experiments these lists are used as input for computing enrichment with existing lists created from prior knowledge organized into geneset libraries. While many enrichment analysis tools and geneset libraries databases have been developed there is still room for improvement. Here we present Enrichr an integrative webbased and mobile software application that includes new geneset libraries an alternative approach to rank enriched terms and various interactive visualization approaches to display enrichment results using the JavaScript library Data Driven Documents D3. The software can also be embedded into any tool that performs gene list analysis. We applied Enrichr to analyze nine cancer cell lines by comparing their enrichment signatures to the enrichment signatures of matched normal tissues. We observed a common pattern of up regulation of the polycomb group PRC2 and enrichment for the histone mark H3K27me3 in many cancer cell lines as well as alterations in Tolllike receptor and interlukin signaling in K562 cells when compared with normal myeloid CD33 cells. Such analyses provide global visualization of critical differences between normal tissues and cancer cell lines but can be applied to many other scenarios. Enrichr is an easy to use intuitive enrichment analysis webbased tool providing various types of visualization summaries of collective functions of gene lists. Enrichr is open source and freely available online at http//amp.pharm.mssm.edu/Enrichr.	BMC bioinformatics	1471-2105	HG006097	1037.0	1229.0	21.0		1224.0	18.0	14.0	11.0	Icahn School of Medicine at Mount Sinai	USA
EnrichrBot	https://twitter.com/botenrichr	Twitter bot tracking tweets about human genes.	True	DCIC	32277816	10.1093/bioinformatics/btaa240	EnrichrBot Twitter bot tracking tweets about human genes.	2020-06-01	Microblogging with Twitter to communicate new results discuss ideas and share techniques is becoming central. While most Twitter users are real people the Twitter API provides the opportunity to develop Twitter bots and to analyze global trends in tweets. EnrichrBot is a bot that tracks and tweets information about human genes implementing six principal functions i tweeting information about understudied genes including noncoding lncRNAs ii replying to requests for information about genes iii responding to GWASbot another bot that tweets Manhattan plots from genomewide association study analysis of the UK Biobank iv tweeting randomly selected gene sets from the Enrichr database for analysis with Enrichr v responding to mentions of human genes in tweets with additional information about these genes and vi tweeting a weekly report about the most trending genes on Twitter. https//twitter.com/botenrichr source code https//github.com/MaayanLab/EnrichrBot. Supplementary data are available at Bioinformatics online.	Bioinformatics (Oxford, England)	1367-4811	CA224260	0.0	0.0	7.0		0.0		15.0	6.0	Department of Pharmacological scis, Mount Sinai Center for Bioinformatics, Icahn School of Medicine at Mount Sinai, One Gustave L. Levy Place, Box 1603, New York, NY 10029, USA.	USA
GEN3VA	http://maayanlab.cloud/gen3va	Aggregates and analyzes gene expression signatures extracted from GEO	True	DCIC	27846806	10.1186/s12859-016-1321-1	GEN3VA aggregation and analysis of gene expression signatures from related studies.	2016-11-15	Genomewide gene expression profiling of mammalian cells is becoming a staple of many published biomedical and biological research studies. Such data is deposited into data repositories such as the Gene Expression Omnibus GEO for potential reuse. However these repositories currently do not provide simple interfaces to systematically analyze collections of related studies. Here we present GENE Expression and Enrichment Vector Analyzer GEN3VA a webbased system that enables the integrative analysis of aggregated collections of tagged gene expression signatures identified and extracted from GEO. Each tagged collection of signatures is presented in a report that consists of heatmaps of the differentially expressed genes principal component analysis of all signatures enrichment analysis with several gene set libraries across all signatures which we term enrichment vector analysis and global mapping of small molecules that are predicted to reverse or mimic each signature in the aggregate. We demonstrate how GEN3VA can be used to identify common molecular mechanisms of aging by analyzing tagged signatures from 244 studies that compared young vs. old tissues in mammalian systems. In a second case study we collected 86 signatures from treatment of human cells with dexamethasone a glucocorticoid receptor GR agonist. Our analysis confirms consensus GR target genes and predicts potential drug mimickers. GEN3VA can be used to identify aggregate and analyze themed collections of gene expression signatures from diverse but related studies. Such integrative analyses can be used to address concerns about data reproducibility confirm results across labs and discover new collective knowledge by data reuse. GEN3VA is an opensource webbased system that is freely available at http//amp.pharm.mssm.edu/gen3va .	BMC bioinformatics	1471-2105	HL127624	7.0	37.0	8.0		37.0		8.0	2.0	Icahn School of Medicine at Mount Sinai	UK
Geneshot	https://maayanlab.cloud/geneshot	Search engine for ranking genes from arbitrary text queries.	True	DCIC	31114885	10.1093/nar/gkz393	Geneshot search engine for ranking genes from arbitrary text queries.	2019-05-22	The frequency by which genes are studied correlates with the prior knowledge accumulated about them. This leads to an imbalance in research attention where some genes are highly investigated while others are ignored. Geneshot is a search engine developed to illuminate this gap and to promote attention to the understudied genome. Through a simple web interface Geneshot enables researchers to enter arbitrary search terms to receive ranked lists of genes relevant to the search terms. Returned ranked gene lists contain genes that were previously published in association with the search terms as well as genes predicted to be associated with the terms based on data integration from multiple sources. The search results are presented with interactive visualizations. To predict gene function Geneshot utilizes genegene similarity matrices from processed RNAseq data or from genegene cooccurrence data obtained from multiple sources. In addition Geneshot can be used to analyze the novelty of gene sets and augment gene sets with additional relevant genes.xa0The Geneshot webserver and API are freely and openly available from https//amp.pharm.mssm.edu/geneshot.	Nucleic acids research	1362-4962	CA224260	4.0	27.0	18.0		27.0		30.0	14.0	Icahn School of Medicine at Mount Sinai	USA
GEO2Enrichr	http://maayanlab.cloud/g2e/	A web app and browser extension to extract and analyze signatures from GEO	True	DCIC	25971742	10.1093/bioinformatics/btv297	GEO2Enrichr browser extension and server app to extract gene sets from GEO and analyze them for biological functions.	2015-05-13	Identification of differentially expressed genes is an important step in extracting knowledge from gene expression profiling studies. The raw expression data from microarray and other highthroughput technologies is deposited into the Gene Expression Omnibus GEO and served as Simple Omnibus Format in Text SOFT files. However to extract and analyze differentially expressed genes from GEO requires significant computational skills. Here we introduce GEO2Enrichr a browser extension for extracting differentially expressed gene sets from GEO and analyzing those sets with Enrichr an independent gene set enrichment analysis tool containing over 70u2009000 annotated gene sets organized into 75 geneset libraries. GEO2Enrichr adds JavaScript code to GEO webpages this code scrapes user selected accession numbers and metadata and then with one click users can submit this information to a webserver application that downloads the SOFT files parses cleans and normalizes the data identifies the differentially expressed genes and then pipes the resulting gene lists to Enrichr for downstream functional analysis. GEO2Enrichr opens a new avenue for adding functionality to major bioinformatics resources such GEO by integrating tools and resources without the need for a plugin architecture. Importantly GEO2Enrichr helps researchers to quickly explore hypotheses with little technical overhead lowering the barrier of entry for biologists by automating data processing steps needed for knowledge extraction from the major repository GEO. GEO2Enrichr is an open source tool freely available for installation as browser extensions at the Chrome Web Store and FireFox Addons. Documentation and a browser independent web application can be found at http//amp.pharm.mssm.edu/g2e/. avi.maayanmssm.edu.	Bioinformatics (Oxford, England)	1367-4811	GM098316	17.0	131.0	8.0		69.0	16.0	16.0	8.0	Icahn School of Medicine at Mount Sinai	USA
GF Response Browser 2	http://www.cancerbrowser.org/dataset/growth_factor_pakt_perk	Online tool for browsing growth factor-stimulated cell signaling profiles	True	HMS LINCS																		USA
GR Browser	http://www.grcalculator.org/grtutorial/Home.html	Online tool for calculating dose-response metrics and browsing response data	True	HMS LINCS	29065900	10.1186/s12885-017-3689-3	GRcalculator: an online tool for calculating and mining dose-response data	2017-10-24	Background: Quantifying the response of cell lines to drugs or other perturbagens is the cornerstone of pre-clinical drug development and pharmacogenomics as well as a means to study factors that contribute to sensitivity and resistance. In dividing cells, traditional metrics derived from dose-response curves such as IC 50 , AUC, and E max , are confounded by the number of cell divisions taking place during the assay, which varies widely for biological and experimental reasons. Hafner et al. (Nat Meth 13:521-627, 2016) recently proposed an alternative way to quantify drug response, normalized growth rate (GR) inhibition, that is robust to such confounders. Adoption of the GR method is expected to improve the reproducibility of dose-response assays and the reliability of pharmacogenomic associations (Hafner et al. 500-502, 2017). Results: We describe here an interactive website ( www.grcalculator.org ) for calculation, analysis, and visualization of dose-response data using the GR approach and for comparison of GR and traditional metrics. Data can be user-supplied or derived from published datasets. The web tools are implemented in the form of three integrated Shiny applications (grcalculator, grbrowser, and grtutorial) deployed through a Shiny server. Intuitive graphical user interfaces (GUIs) allow for interactive analysis and visualization of data. The Shiny applications make use of two R packages (shinyLi and GRmetrics) specifically developed for this purpose. The GRmetrics R package is also available via Bioconductor and can be used for offline data analysis and visualization. Source code for the Shiny applications and associated packages (shinyLi and GRmetrics) can be accessed at www.github.com/uc-bd2k/grcalculator and www.github.com/datarail/gr_metrics. Conclusions: GRcalculator is a powerful, user-friendly, and free tool to facilitate analysis of dose-response data. It generates publication-ready figures and provides a unified platform for investigators to analyze dose-response data across diverse cell types and perturbagens (including drugs, biological ligands, RNAi, etc.). GRcalculator also provides access to data collected by the NIH LINCS Program ( http://www.lincsproject.org /) and other public domain datasets. The GRmetrics Bioconductor package provides computationally trained users with a platform for offline analysis of dose-response data and facilitates inclusion of GR metrics calculations within existing R analysis pipelines. These tools are therefore well suited to users in academia as well as industry.	BMC Cancer	1471-2407		23	71	13	0	70 	11 	10	2		
GREIN: GEO RNA-seq Experiments Interactive Navigator	https://shiny.ilincs.org/grein	An Interactive Web Platform for Reanalyzing GEO RNAseq Data.	True	DCIC	31110304	10.1038/s41598-019-43935-8	GREIN An Interactive Web Platform for Reanalyzing GEO RNAseq Data.	2019-05-20	The vast amount of RNAseq data deposited in Gene Expression Omnibus GEO and Sequence Read Archive SRA is still a grossly underutilized resource for biomedical research. To remove technical roadblocks for reusing these data we have developed a webapplication GREIN GEO RNAseq Experiments Interactive Navigator which provides userfriendly interfaces to manipulate and analyze GEO RNAseq data. GREIN is powered by the backend computational pipeline for uniform processing of RNAseq data and the large number 6500 of already processed datasets. The frontend user interfaces provide a wealth of useranalytics options including subsetting and downloading processed data interactive visualization statistical power analyses construction of differential gene expression signatures and their comprehensive functional characterization and connectivity analysis with LINCS L1000 data. The combination of the massive amount of backend data and frontend analytics options driven by userfriendly interfaces makes GREIN a unique opensource resource for reusing GEO RNAseq data. GREIN is accessible at https//shiny.ilincs.org/grein  the source code at https//github.com/ucbd2k/grein  and the Docker container at https//hub.docker.com/r/ucbd2k/grein .	Scientific reports	2045-2322	HL127624	4.0	70.0	8.0		70.0		16.0	7.0	Uni of Cincinnati	USA
GUIdock	https://github.com/WebDataScience/GUIdock	Docker package containing a computational environment to run apps with a GUI	True	DCIC	27045593	10.1371/journal.pone.0152686	GUIdock: Using Docker Containers with a Common Graphics User Interface to Address the Reproducibility of Research	2016-04-05	Reproducibility is vital in science. For complex computational methods, it is often necessary, not just to recreate the code, but also the software and hardware environment to reproduce results. Virtual machines, and container software such as Docker, make it possible to reproduce the exact environment regardless of the underlying hardware and operating system. However, workflows that use Graphical User Interfaces (GUIs) remain difficult to replicate on different host systems as there is no high level graphical software layer common to all platforms. GUIdock allows for the facile distribution of a systems biology application along with its graphics environment. Complex graphics based workflows, ubiquitous in systems biology, can now be easily exported and reproduced on many different platforms. GUIdock uses Docker, an open source project that provides a container with only the absolutely necessary software dependencies and configures a common X Windows (X11) graphic interface on Linux, Macintosh and Windows platforms. As proof of concept, we present a Docker package that contains a Bioconductor application written in R and C++ called networkBMA for gene network inference. Our package also includes Cytoscape, a java-based platform with a graphical user interface for visualizing and analyzing gene networks, and the CyNetworkBMA app, a Cytoscape app that allows the use of networkBMA via the user-friendly Cytoscape interface.	PLoS One	1932-6203	HL127624	14.0	38.0		4.0	38.0		9.0			
Harmonizome	http://maayanlab.cloud/Harmonizome	Web portal with a collection of 114 datasets abstracted into gene function tables	True	DCIC	27374120	10.1093/database/baw100	The harmonizome a collection of processed datasets gathered to serve and mine knowledge about genes and proteins.	2016-07-03	Genomics epigenomics transcriptomics proteomics and metabolomics efforts rapidly generate a plethora of data on the activity and levels of biomolecules within mammalian cells. At the same time curation projects that organize knowledge from the biomedical literature into online databases are expanding. Hence there is a wealth of information about genes proteins and their associations with an urgent need for data integration to achieve better knowledge extraction and data reuse. For this purpose we developed the Harmonizome a collection of processed datasets gathered to serve and mine knowledge about genes and proteins from over 70 major online resources. We extracted abstracted and organized data into 72 million functional associations between genes/proteins and their attributes. Such attributes could be physical relationships with other biomolecules expression in cell lines and tissues genetic associations with knockout mouse or human phenotypes or changes in expression after drug treatment. We stored these associations in a relational database along with rich metadata for the genes/proteins their attributes and the original resources. The freely available Harmonizome web portal provides a graphical user interface a web service and a mobile app for querying browsing and downloading all of the collected data. To demonstrate the utility of the Harmonizome we computed and visualized genegene and attributeattribute similarity networks and through unsupervised clustering identified many unexpected relationships by combining pairs of datasets such as the association between kinase perturbations and disease signatures. We also applied supervised machine learning methods to predict novel substrates for kinases endogenous ligands for Gprotein coupled receptors mouse phenotypes for knockout genes and classified unannotated transmembrane proteins for likelihood of being ion channels. The Harmonizome is a comprehensive resource of knowledge about genes and proteins and as such it enables researchers to discover novel relationships between biological entities as well as form novel datadriven hypotheses for experimental validation.Database URL http//amp.pharm.mssm.edu/Harmonizome.	Database : the journal of biological databases and curation	1758-0463	GM098316	156.0	359.0	28.0		357.0	1.0	32.0	14.0	Icahn School of Medicine at Mount Sinai	USA
HMS LINCS Breast Cancer Browser	http://www.cancerbrowser.org/	Online tool for browsing multiple datasets relevant to breast cancer biology	True	HMS LINCS								HL127365										
HMS LINCS Database	https://lincs.hms.harvard.edu/db/	Online database for access to HMS LINCS Center datasets and reagent information	True	HMS LINCS																		
iLINCS	http://lincsportal.ccs.miami.edu/signatures	An integrative web platform for analysis of LINCS data and signatures	True	DCIC	31701147	10.1093/nar/gkz1023	LINCS Data Portal 2.0 next generation access point for perturbationresponse signatures.	2020-01-08	The Library of Integrated NetworkBased Cellular Signatures LINCS is an NIH Common Fund program with the goal of generating a largescale and comprehensive catalogue of perturbationresponse signatures by utilizing a diverse collection of perturbations across many model systems and assay types. The LINCS Data Portal LDP has been the primary access point for the compendium of LINCS data and has been widely utilized. Here we report the first major update of LDP http//lincsportal.ccs.miami.edu/signatures with substantial changes in the data architecture and APIs a completely redesigned user interface and enhanced curated metadata annotations to support more advanced intuitive and deeper querying exploration and analysis capabilities. The cornerstone of this update has been the decision to reprocess all highlevel LINCS datasets and make them accessible at the data point level enabling users to directly access and download any subset of signatures across the entire library independent from the originating source project or assay. Access to the individual signatures also enables the newly implemented signature search functionality which utilizes the iLINCS platform to identify conditions that mimic or reverse gene set queries. A newly designed query interface enables global metadata search with autosuggest across all annotations associated with perturbations model systems and signatures.	Nucleic acids research	1362-4962	LM012630	1.0	22.0	17.0		22.0		27.0	12.0	Uni of Miami	USA
L1000CDS2	https://maayanlab.cloud/L1000CDS2/%23/index	An ultra-fast LINCS L1000 Characteristic Direction signature search engine	True	DCIC	28413689	10.1038/npjsba.2016.15	L1000CDS 2: LINCS L1000 characteristic direction signatures search engine	2016-08-04	The library of integrated network-based cellular signatures (LINCS) L1000 data set currently comprises of over a million gene expression profiles of chemically perturbed human cell lines. Through unique several intrinsic and extrinsic benchmarking schemes, we demonstrate that processing the L1000 data with the characteristic direction (CD) method significantly improves signal to noise compared with the MODZ method currently used to compute L1000 signatures. The CD processed L1000 signatures are served through a state-of-the-art web-based search engine application called L1000CDS2. The L1000CDS2 search engine provides prioritization of thousands of small-molecule signatures, and their pairwise combinations, predicted to either mimic or reverse an input gene expression signature using two methods. The L1000CDS2 search engine also predicts drug targets for all the small molecules profiled by the L1000 assay that we processed. Targets are predicted by computing the cosine similarity between the L1000 small-molecule signatures and a large collection of signatures extracted from the gene expression omnibus (GEO) for single-gene perturbations in mammalian cells. We applied L1000CDS2 to prioritize small molecules that are predicted to reverse expression in 670 disease signatures also extracted from GEO, and prioritized small molecules that can mimic expression of 22 endogenous ligand signatures profiled by the L1000 assay. As a case study, to further demonstrate the utility of L1000CDS2, we collected expression signatures from human cells infected with Ebola virus at 30, 60 and 120 min. Querying these signatures with L1000CDS2 we identified kenpaullone, a GSK3B/CDK2 inhibitor that we show, in subsequent experiments, has a dose-dependent efficacy in inhibiting Ebola infection in vitro without causing cellular toxicity in human cell lines. In summary, the L1000CDS2 tool can be applied in many biological and biomedical settings, while improving the extraction of knowledge from the LINCS L1000 resource.	npj Systems biology and applications	2056-7189		117.0	155.0	9.0		155.0		15.0			
L1000FWD	http://maayanlab.cloud/L1000FWD	Large-scale visualization of drug-induced transcriptomic signatures	True	DCIC	29420694	10.1093/bioinformatics/bty060	L1000FWD fireworks visualization of druginduced transcriptomic signatures.	2018-02-06	As part of the NIH Library of Integrated Networkbased Cellular Signatures program hundreds of thousands of transcriptomic signatures were generated with the L1000 technology profiling the response of human cell lines to over 20xa0000 small molecule compounds. This effort is a promising approach toward revealing the mechanismsofaction MOA for marketed drugs and other less studied potential therapeutic compounds. L1000 fireworks display L1000FWD is a web application that provides interactive visualization of over 16xa0000 drug and smallmolecule induced gene expression signatures. L1000FWD enables coloring of signatures by different attributes such as cell type time point concentration as well as drug attributes such as MOA and clinical phase. Signature similarity search is implemented to enable the search for mimicking or opposing signatures given as input of up and down gene sets. Each point on the L1000FWD interactive map is linked to a signature landing page which provides multifaceted knowledge from various sources about the signature and the drug. Notably such information includes most frequent diagnoses coprescribed drugs and age distribution of prescriptions as extracted from the Mount Sinai Health System electronic medical records. Overall L1000FWD serves as a platform for identifying functions for novel small molecules using unsupervised clustering as well as for exploring drug MOA. L1000FWD is freely accessible at http//amp.pharm.mssm.edu/L1000FWD. Supplementary data are available at Bioinformatics online.	Bioinformatics (Oxford, England)	1367-4811	CA224260	15.0	69.0	20.0		67.0		20.0	9.0	Icahn School of Medicine at Mount Sinai	USA
LINCS Canvas Browser	http://www.maayanlab.net/LINCS/LCB	LCB provides interactive clustering with enrichment of L1000 signatures	True	DCIC	24906883	10.1093/nar/gku476	LINCS Canvas Browser interactive web app to query browse and interrogate LINCS L1000 gene expression signatures.	2014-06-06	For the Library of Integrated Networkbased Cellular Signatures LINCS project many gene expression signatures using the L1000 technology have been produced. The L1000 technology is a costeffective method to profile gene expression in large scale. LINCS Canvas Browser LCB is an interactive HTML5 webbased software application that facilitates querying browsing and interrogating many of the currently available LINCS L1000 data. LCB implements two compacted layered canvases one to visualize clustered L1000 expression data and the other to display enrichment analysis results using 30 different gene set libraries. Clicking on an experimental condition highlights genesets enriched for the differentially expressed genes from the selected experiment. A search interface allows users to input gene lists and query them against over 100 000 conditions to find the top matching experiments. The tool integrates many resources for an unprecedented potential for new discoveries in systems biology and systems pharmacology. The LCB application is available at http//www.maayanlab.net/LINCS/LCB. Customized versions will be made part of the http//lincscloud.org and http//lincs.hms.harvard.edu websites.	Nucleic acids research	1362-4962	HG006093	87.0	193.0	9.0		191.0	3.0	2.0	1.0	Icahn School of Medicine at Mount Sinai	USA
LINCS Data Portal	http://lincsportal.ccs.miami.edu/	Provides unified interface for searching all LINCS dataset packages and entities	True	DCIC	29140462	10.1093/nar/gkx1063	Data Portal for the Library of Integrated Network-based Cellular Signatures  LINCS  program: integrated access to diverse large-scale cellular perturbation response data.	2018-01-04	The Library of Integrated Network-based Cellular Signatures  LINCS  program is a national consortium funded by the NIH to generate a diverse and extensive reference library of cell-based perturbation-response signatures  along with novel data analytics tools to improve our understanding of human diseases at the systems level. In contrast to other large-scale data generation efforts  LINCS Data and Signature Generation Centers  DSGCs  employ a wide range of assay technologies cataloging diverse cellular responses. Integration of  and unified access to LINCS data has therefore been particularly challenging. The Big Data to Knowledge  BD2K  LINCS Data Coordination and Integration Center  DCIC  has developed data standards specifications  data processing pipelines  and a suite of end-user software tools to integrate and annotate LINCS-generated data  to make LINCS signatures searchable and usable for different types of users. Here  we describe the LINCS Data Portal  LDP   http://lincsportal.ccs.miami.edu/   a unified web interface to access datasets generated by the LINCS DSGCs  and its underlying database  LINCS Data Registry  LDR . LINCS data served on the LDP contains extensive metadata and curated annotations. We highlight the features of the LDP user interface that is designed to enable search  browsing  exploration  download and analysis of LINCS data and related curated content.	Nucleic acids research	1362-4962	HL127624	32.0	86.0	7.0		86.0				Center for Computational Sci	USA
LINCS Joint Project - Breast Cancer Network Browser	https://maayanlab.cloud/LJP/	LINCS Joint Project-Breast Cancer Network Browser is an interactive viz of 2344 signatures	True	DCIC	29084964	10.1038/s41467-017-01383-w	Common and cell-type specific responses to anti-cancer drugs revealed by high throughput transcript profiling	2017-10-30	More effective use of targeted anti-cancer drugs depends on elucidating the connection between the molecular states induced by drug treatment and the cellular phenotypes controlled by these states, such as cytostasis and death. This is particularly true when mutation of a single gene is inadequate as a predictor of drug response. The current paper describes a data set of ~600 drug cell line pairs collected as part of the NIH LINCS Program (http://www.lincsproject.org/) in which molecular data (reduced dimensionality transcript L1000 profiles) were recorded across dose and time in parallel with phenotypic data on cellular cytostasis and cytotoxicity. We report that transcriptional and phenotypic responses correlate with each other in general, but whereas inhibitors of chaperones and cell cycle kinases induce similar transcriptional changes across cell lines, changes induced by drugs that inhibit intra-cellular signaling kinases are cell-type specific. In some drug/cell line pairs significant changes in transcription are observed without a change in cell growth or survival; analysis of such pairs identifies drug equivalence classes and, in one case, synergistic drug interactions. In this case, synergy involves cell-type specific suppression of an adaptive drug response.	Nature communications	2041-1723		28.0	136.0	88.0	1.0	136.0		31.0			
LINCS Mobile Project	https://lincsproject.org/LINCS/mobile	A mobile application to explore LINCS centers and resources	True	DCIC																		
MEP Mosaic	https://maayanlab.cloud/MEPmosaic	Mosaic visualization of high-content imaging assays of three cancer cell types	True	DCIC																		
modEnrichr	https://maayanlab.cloud/modEnrichr/	A suite of gene set enrichment analysis tools for model organisms	True	DCIC	31069376	10.1093/nar/gkz347	modEnrichr: a suite of gene set enrichment analysis tools for model organisms	2019-07-02	High-throughput experiments produce increasingly large datasets that are difficult to analyze and integrate. While most data integration approaches focus on aligning metadata, data integration can be achieved by abstracting experimental results into gene sets. Such gene sets can be made available for reuse through gene set enrichment analysis tools such as Enrichr. Enrichr currently only supports gene sets compiled from human and mouse, limiting accessibility for investigators that study other model organisms. modEnrichr is an expansion of Enrichr for four model organisms: fish, fly, worm and yeast. The gene set libraries within FishEnrichr, FlyEnrichr, WormEnrichr and YeastEnrichr are created from the Gene Ontology, mRNA expression profiles, GeneRIF, pathway databases, protein domain databases and other organism-specific resources. Additionally, libraries were created by predicting gene function from RNA-seq co-expression data processed uniformly from the gene expression omnibus for each organism. The modEnrichr suite of tools provides the ability to convert gene lists across species using an ortholog conversion tool that automatically detects the species. For complex analyses, modEnrichr provides API access that enables submitting batch queries. In summary, modEnrichr leverages existing model organism databases and other resources to facilitate comprehensive hypothesis generation through data integration.	Nucleic acids research	1362-4962		2.0	49.0	36.0		49.0		65.0			
Morpheus App	https://clue.io/morpheus	An interactive version of the ICV that lets you manipulate and annotate an existing dataset	True	LINCS Transcriptomics	29195078	10.1016/j.cell.2017.10.049	A Next Generation Connectivity Map: L1000 Platform and the First 1,000,000 Profiles	2017-11-30	We previously piloted the concept of a Connectivity Map (CMap), whereby genes, drugs, and disease states are connected by virtue of common gene-expression signatures. Here, we report more than a 1,000-fold scale-up of the CMap as part of the NIH LINCS Consortium, made possible by a new, low-cost, high-throughput reduced representation expression profiling method that we term L1000. We show that L1000 is highly reproducible, comparable to RNA sequencing, and suitable for computational inference of the expression levels of 81% of non-measured transcripts. We further show that the expanded CMap can be used to discover mechanism of action of small molecules, functionally annotate genetic variants of disease genes, and inform clinical trials. The 1.3 million L1000 profiles described here, as well as tools for their analysis, are available at https://clue.io.	Cell	1097-4172		497.0	1136.0			1136.0	4.0	80.0			
Network2Canvas	http://www.maayanlab.net/N2C	Network visualization on a canvas with enrichment analysis	True	DCIC	23749960	10.1093/bioinformatics/btt319	Network2Canvas network visualization on a canvas with enrichment analysis.	2013-06-07	Networks are vital to computational systems biology research but visualizing them is a challenge. For networks larger than 100 nodes and 200 links ballandstick diagrams fail to convey much information. To address this we developed Network2Canvas N2C a web application that provides an alternative way to view networks. N2C visualizes networks by placing nodes on a square toroidal canvas. The network nodes are clustered on the canvas using simulated annealing to maximize local connections where a nodes brightness is made proportional to its local fitness. The interactive canvas is implemented in HyperText Markup Language HTML5 with the JavaScript library DataDriven Documents D3. We applied N2C to visualize 30 canvases made from human and mouse geneset libraries and 6 canvases made from the Food and Drug Administration FDAapproved drugset libraries. Given lists of genes or drugs enriched terms are highlighted on the canvases and their degree of clustering is computed. Because N2C produces visual patterns of enriched terms on canvases a trained eye can detect signatures instantly. In summary N2C provides a new flexible method to visualize large networks and can be used to perform and visualize geneset and drugset enrichment analyses. N2C is freely available at http//www.maayanlab.net/N2C and is open source. avi.maayanmssm.edu Supplementary data are available at Bioinformatics online.	Bioinformatics (Oxford, England)	1367-4811	GM098316	22.0	111.0	5.0	1.0	105.0		9.0	6.0	Icahn School of Medicine at Mount Sinai	USA
OMERO	https://omero.lincsclarion.org/webclient/userdata/%3Fexperimenter%3D-1	Client-server software for image data visualization, management, and analysis	False	HMS LINCS																		
OmicsIntegrator	http://fraenkel.mit.edu/omicsintegrator	Discovers networks linking proteomic, transcriptomic, and epigenomic data	True	NeuroLINCS	27096930	10.1371/journal.pcbi.1004879	Network-Based Interpretation of Diverse High-Throughput Datasets through the Omics Integrator Software Package.	2016-04-20	High-throughput   omic  methods provide sensitive measures of biological responses to perturbations. However  inherent biases in high-throughput assays make it difficult to interpret experiments in which more than one type of data is collected. In this work  we introduce Omics Integrator  a software package that takes a variety of  omic  data as input and identifies putative underlying molecular pathways. The approach applies advanced network optimization algorithms to a network of thousands of molecular interactions to find high-confidence  interpretable subnetworks that best explain the data. These subnetworks connect changes observed in gene expression  protein abundance or other global assays to proteins that may not have been measured in the screens due to inherent bias or noise in measurement. This approach reveals unannotated molecular pathways that would not be detectable by searching pathway databases. Omics Integrator also provides an elegant framework to incorporate not only positive data  but also negative evidence. Incorporating negative evidence allows Omics Integrator to avoid unexpressed genes and avoid being biased toward highly-studied hub proteins  except when they are strongly implicated by the data. The software is comprised of two individual tools  Garnet and Forest  that can be run together or independently to allow a user to perform advanced integration of multiple types of high-throughput data as well as create condition-specific subnetworks of protein interactions that best connect the observed changes in various datasets. It is available at http://fraenkel.mit.edu/omicsintegrator and on GitHub at https://github.com/fraenkel-lab/OmicsIntegrator.	PLoS computational biology	1553-7358	NS091046	37.0	128.0	23.0	1.0					Department of Biological Engineering	USA
P100/GCP Mosaic	https://maayanlab.cloud/p100mosaic	Mosaic visualization of targeted phosphoproteomics and post-translation histone modifications after chemical perturbation of cancer cell lines	True	DCIC																		
PAEA (Principal Angle Enrichr Analysis)	https://maayanlab.cloud/PAEA/	Enrichment analysis tool implementing the principal angle method	True	DCIC	26848405	10.1109/BIBM.2015.7359689	Principal Angle Enrichment Analysis (PAEA): Dimensionally Reduced Multivariate Gene Set Enrichment Analysis Tool	2016-02-02	Gene set analysis of differential expression, which identifies collectively differentially expressed gene sets, has become an important tool for biology. The power of this approach lies in its reduction of the dimensionality of the statistical problem and its incorporation of biological interpretation by construction. Many approaches to gene set analysis have been proposed, but benchmarking their performance in the setting of real biological data is difficult due to the lack of a gold standard. In a previously published work we proposed a geometrical approach to differential expression which performed highly in benchmarking tests and compared well to the most popular methods of differential gene expression. As reported, this approach has a natural extension to gene set analysis which we call Principal Angle Enrichment Analysis (PAEA). PAEA employs dimensionality reduction and a multivariate approach for gene set enrichment analysis. However, the performance of this method has not been assessed nor its implementation as a web-based tool. Here we describe new benchmarking protocols for gene set analysis methods and find that PAEA performs highly. The PAEA method is implemented as a user-friendly web-based tool, which contains 70 gene set libraries and is freely available to the community.	Proceedings (IEEE Int Conf Bioinformatics Biomed)	2156-1125											
Panorama	https://panoramaweb.org	Proteomics repository that provides access to the PCCSE P100 and GCP data	True	LINCS PCCSE	25102069	10.1021/pr5006636	Panorama a targeted proteomics knowledge base.	2014-08-18	Panorama is a web application for storing sharing analyzing and reusing targeted assays created and refined with Skyline1 an increasingly popular Windows client software tool for targeted proteomics experiments. Panorama allows laboratories to store and organize curated results contained in Skyline documents with finegrained permissions which facilitates distributed collaboration and secure sharing of published and unpublished data via a webbrowser interface. It is fully integrated with the Skyline workflow and supports publishing a document directly to a Panorama server from the Skyline user interface. Panorama captures the complete Skyline document information content in a relational database schema. Curated results published to Panorama can be aggregated and exported as chromatogram libraries. These libraries can be used in Skyline to pick optimal targets in new experiments and to validate peak identification of target peptides. Panorama is opensource and freely available. It is distributed as part of LabKey Server2 an open source biomedical research data management system. Laboratories and organizations can set up Panorama locally by downloading and installing the software on their own servers. They can also request freely hosted projects on https//panoramaweb.org  a Panorama server maintained by the Department of Genome Sciences at the University of Washington.	Journal of proteome research	1535-3907	CA164186	74.0	109.0	6.0		108.0		5.0		Uni of Washington	USA
Phosphosite Plus	http://www.phosphosite.org/	Comprehensive resource for the study of protein post-translational modifications	True	DCIC	25514926	10.1093/nar/gku1267	PhosphoSitePlus  2014: mutations  PTMs and recalibrations.	2015-01-28	PhosphoSitePlus     PSP  http://www.phosphosite.org/   a knowledgebase dedicated to mammalian post-translational modifications  PTMs   contains over 330 000 non-redundant PTMs  including phospho  acetyl  ubiquityl and methyl groups. Over 95  of the sites are from mass spectrometry  MS  experiments. In order to improve data reliability  early MS data have been reanalyzed  applying a common standard of analysis across over 1 000 000 spectra. Site assignments with P   0.05 were filtered out. Two new downloads are available from PSP. The  Regulatory sites  dataset includes curated information about modification sites that regulate downstream cellular processes  molecular functions and protein-protein interactions. The  PTMVar  dataset  an intersect of missense mutations and PTMs from PSP  identifies over 25 000 PTMVars  PTMs Impacted by Variants  that can rewire signaling pathways. The PTMVar data include missense mutations from UniPROTKB  TCGA and other sources that cause over 2000 diseases or syndromes  MIM  and polymorphisms  or are associated with hundreds of cancers. PTMVars include 18 548 phosphorlyation sites  3412 ubiquitylation sites  2316 acetylation sites  685 methylation sites and 245 succinylation sites.	Nucleic acids research	1362-4962	HL127624	678.0	755.0	23.0						Cell Signaling Tech	USA
PiNET	http://pinet-server.org	Used to annotate, map and analyze a set of peptide moieties	True	DCIC	32469073	10.1093/nar/gkaa436	piNET a versatile web platform for downstream analysis and visualization of proteomics data.	2020-07-02	Rapid progress in proteomics and largescale profiling of biological systems at the protein level necessitates the continued development of efficient computational tools for the analysis and interpretation of proteomics data. Here we present the piNET server that facilitates integrated annotation analysis and visualization of quantitative proteomics data with emphasis on PTM networks and integration with the LINCS library of chemical and genetic perturbation signatures in order to provide further mechanistic and functional insights. The primary input for the server consists of a set of peptides or proteins optionally with PTM sites and their corresponding abundance values. Several interconnected workflows can be used to generate i interactive graphs and tables providing comprehensive annotation and mapping between peptides and proteins with PTM sites ii high resolution and interactive visualization for enzymesubstrate networks including kinases and their phosphopeptide targets iii mapping and visualization of LINCS signature connectivity for chemical inhibitors or genetic knockdown of enzymes upstream of their target PTM sites. piNET has been built using a modular SpringBoot JAVA platform as a fast versatile and easy to use tool. The Apache Lucene indexing is used for fast mapping of peptides into UniProt entries for the human mouse and other commonly used model organism proteomes. PTMcentric network analyses combine PhosphoSitePlus iPTMnet and SIGNOR databases of validated enzymesubstrate relationships for kinase networks augmented by DeepPhos predictions and sequencebased mapping of PhosphoSitePlus consensus motifs. Concordant LINCS signatures are mapped using iLINCS. For each workflow a RESTful API counterpart can be used to generate the results programmatically in the json format. The server is available at http//pinetserver.org and it is free and open to all users without login requirement.	Nucleic acids research	1362-4962	HL127624	0.0	0.0	23.0		0.0	1.0	30.0	13.0	Uni of Cincinnati College of Medicine	Thailand
PIUMet	http://fraenkel-nsf.csbi.mit.edu/piumet2/	Tool for discovering pathways of peaks from untargeted metabolomics data	True	NeuroLINCS	27479327	10.1038/nmeth.3940	Revealing disease-associated pathways by network integration of untargeted metabolomics	2016-08-01	Uncovering the molecular context of dysregulated metabolites is crucial to understand pathogenic pathways. However, their system-level analysis has been limited owing to challenges in global metabolite identification. Most metabolite features detected by untargeted metabolomics carried out by liquid-chromatography-mass spectrometry cannot be uniquely identified without additional, time-consuming experiments. We report a network-based approach, prize-collecting Steiner forest algorithm for integrative analysis of untargeted metabolomics (PIUMet), that infers molecular pathways and components via integrative analysis of metabolite features, without requiring their identification. We demonstrated PIUMet by analyzing changes in metabolism of sphingolipids, fatty acids and steroids in a Huntington's disease model. Additionally, PIUMet enabled us to elucidate putative identities of altered metabolite features in diseased cells, and infer experimentally undetected, disease-associated metabolites and dysregulated proteins. Finally, we established PIUMet's ability for integrative analysis of untargeted metabolomics data with proteomics data, demonstrating that this approach elicits disease-associated metabolites and proteins that cannot be inferred by individual analysis of these data.	Nature methods	1548-7105		85.0	319.0	42.0	4.0	319.0		66.0			
RTK Profile Browser	https://lincs.hms.harvard.edu/explore/responses/	Online tool for browsing breast cancer cell line RTK profiles	True	HMS LINCS	24065145	10.1126/scisignal.2004379	Profiles of Basal and stimulated receptor signaling networks predict drug response in breast cancer lines	2013-09-24	Identifying factors responsible for variation in drug response is essential for the effective use of targeted therapeutics. We profiled signaling pathway activity in a collection of breast cancer cell lines before and after stimulation with physiologically relevant ligands, which revealed the variability in network activity among cells of known genotype and molecular subtype. Despite the receptor-based classification of breast cancer subtypes, we found that the abundance and activity of signaling proteins in unstimulated cells (basal profile), as well as the activity of proteins in stimulated cells (signaling profile), varied within each subtype. Using a partial least-squares regression approach, we constructed models that significantly predicted sensitivity to 23 targeted therapeutics. For example, one model showed that the response to the growth factor receptor ligand heregulin effectively predicted the sensitivity of cells to drugs targeting the cell survival pathway mediated by PI3K (phosphoinositide 3-kinase) and Akt, whereas the abundance of Akt or the mutational status of the enzymes in the pathway did not. Thus, basal and signaling protein profiles may yield new biomarkers of drug sensitivity and enable the identification of appropriate therapies in cancers characterized by similar functional dysregulation of signaling networks.	Science signaling	1937-9145		75.0	187.0	8.0		187.0		12.0			
SEP-L1000	http://maayanlab.net/SEP-L1000/	Web portal for searching and browsing predictive small-molecule/ADR connections	True	DCIC	27153606	10.1093/bioinformatics/btw168	Drug-induced adverse events prediction with the LINCS L1000 data.	2016-08-01	Adverse drug reactions  ADRs  are a central consideration during drug development. Here we present a machine learning classifier to prioritize ADRs for approved drugs and pre-clinical small-molecule compounds by combining chemical structure  CS  and gene expression  GE  features. The GE data is from the Library of Integrated Network-based Cellular Signatures  LINCS  L1000 dataset that measured changes in GE before and after treatment of human cells with over 20 000 small-molecule compounds including most of the FDA-approved drugs. Using various benchmarking methods  we show that the integration of GE data with the CS of the drugs can significantly improve the predictability of ADRs. Moreover  transforming GE features to enrichment vectors of biological terms further improves the predictive capability of the classifiers. The most predictive biological-term features can assist in understanding the drug mechanisms of action. Finally  we applied the classifier to all  u2009 20 000 small-molecules profiled  and developed a web portal for browsing and searching predictive small-molecule/ADR connections.    The interface for the adverse event predictions for the  u2009 20 000 LINCS compounds is available at http://maayanlab.net/SEP-L1000/ CONTACT: avi.maayan mssm.edu    Supplementary data are available at Bioinformatics online.	Bioinformatics (Oxford, England)	1367-4811	GM098316	40.0	134.0	19.0						Department of Pharmacology and Systems Therapeutics	USA
SigCom LINCS	https://maayanlab.cloud/sigcom-lincs/	Provides unified interface for searching over one million signatures	True	DCIC																		USA
slinky	https://bioconductor.org/packages/devel/bioc/html/slinky.html	R package to query the L1000 metadata via the CLUE.io REST API	True	LINCS Transcriptomics	30629124	10.1093/bioinformatics/btz002	Streamlined analysis of LINCS L1000 data with the slinky package for R	2019-09-01	The L1000 dataset from the NIH LINCS program holds the promise to deconvolute a wide range of biological questions in transcriptional space. However, using this large and decentralized dataset presents its own challenges. The slinky package was created to streamline the process of identifying samples of interest and their corresponding control samples, and loading their associated expression data and metadata. The package can integrate with workflows leveraging the BioConductor collection of tools by encapsulating the L1000 data as a SummarizedExperiment object.	Bioinformatics (Oxford, England)	1367-4811		0.0	7.0	5.0		7.0		9.0			
Small Molecule Suite	https://labsyspharm.shinyapps.io/smallmoleculesuite/	Curated database with drug target data and drug similarity data.	True		30956147	10.1016/j.chembiol.2019.02.018	Cheminformatics Tools for Analyzing and Designing Optimized Small-Molecule Collections and Libraries	2019-05-16	Libraries of well-annotated small molecules have many uses in chemical genetics, drug discovery, and therapeutic repurposing. Multiple libraries are available, but few data-driven approaches exist to compare them and design new libraries. We describe an approach to scoring and creating libraries based on binding selectivity, target coverage, and induced cellular phenotypes as well as chemical structure, stage of clinical development, and user preference. The approach, available via the online tool http://www.smallmoleculesuite.org, assembles sets of compounds with the lowest possible off-target overlap. Analysis of six kinase inhibitor libraries using our approach reveals dramatic differences among them and led us to design a new LSP-OptimalKinase library that outperforms existing collections in target coverage and compact size. We also describe a mechanism of action library that optimally covers 1,852 targets in the liganded genome. Our tools facilitate creation, analysis, and updates of both private and public compound collections.	Cell chemical biology	2451-9448		20.0	73.0			73.0		67.0			
Synapse	https://www.synapse.org/#!Synapse:syn2862345/wiki/410135	Visualization of the MEMA data from the MEP LINCS Center	True	MEP LINCS																		
SynergySeq	https://schurerlab.shinyapps.io/synergyseq/	Identify synergistic drug combinations	True	DCIC	30552330	10.1038/s41467-018-07659-z	Drug and disease signature integration identifies synergistic combinations in glioblastoma	2018-12-14	Glioblastoma (GBM) is the most common primary adult brain tumor. Despite extensive efforts, the median survival for GBM patients is approximately 14 months. GBM therapy could benefit greatly from patient-specific targeted therapies that maximize treatment efficacy. Here we report a platform termed SynergySeq to identify drug combinations for the treatment of GBM by integrating information from The Cancer Genome Atlas (TCGA) and the Library of Integrated Network-Based Cellular Signatures (LINCS). We identify differentially expressed genes in GBM samples and devise a consensus gene expression signature for each compound using LINCS L1000 transcriptional profiling data. The SynergySeq platform computes disease discordance and drug concordance to identify combinations of FDA-approved drugs that induce a synergistic response in GBM. Collectively, our studies demonstrate that combining disease-specific gene expression signatures with LINCS small molecule perturbagen-response signatures can identify preclinical combinations for GBM, which can potentially be tested in humans.	Nature communications	2041-1723		22.0	95.0	11.0		95.0		22.0			
TieDIE	https://sysbiowiki.soe.ucsc.edu/tiedie	Software for computing regulatory subnetworks from mutation and transcript data	True	HMS LINCS	23986566	10.1093/bioinformatics/btt471	Discovering causal pathways linking genomic events to transcriptional states using Tied Diffusion Through Interacting Events TieDIE.	2013-08-27	Identifying the cellular wiring that connects genomic perturbations to transcriptional changes in cancer is essential to gain a mechanistic understanding of disease initiation progression and ultimately to predict drug response. We have developed a method called Tied Diffusion Through Interacting Events TieDIE that uses a network diffusion approach to connect genomic perturbations to gene expression changes characteristic of cancer subtypes. The method computes a subnetwork of proteinprotein interactions predicted transcription factortotarget connections and curated interactions from literature that connects genomic and transcriptomic perturbations. Application of TieDIE to The Cancer Genome Atlas and a breast cancer cell line dataset identified key signaling pathways with examples impinging on MYC activity. Interlinking genes are predicted to correspond to essential components of cancer signaling and may provide a mechanistic explanation of tumor character and suggest subtypespecific drug targets. Software is available from the Stuart labs wiki https//sysbiowiki.soe.ucsc.edu/tiedie. jstuartucsc.edu. Supplementary data are available at Bioinformatics online.	Bioinformatics (Oxford, England)	1367-4811	HG006097	59.0	224.0	2.0		215.0		2.0	2.0	Uni of CA	USA
Touchstone App	https://clue.io/touchstone	Collection of CMap reference signatures	True	LINCS Transcriptomics	29195078	10.1016/j.cell.2017.10.049	A Next Generation Connectivity Map: L1000 Platform and the First 1,000,000 Profiles	2017-11-30	We previously piloted the concept of a Connectivity Map (CMap), whereby genes, drugs, and disease states are connected by virtue of common gene-expression signatures. Here, we report more than a 1,000-fold scale-up of the CMap as part of the NIH LINCS Consortium, made possible by a new, low-cost, high-throughput reduced representation expression profiling method that we term L1000. We show that L1000 is highly reproducible, comparable to RNA sequencing, and suitable for computational inference of the expression levels of 81% of non-measured transcripts. We further show that the expanded CMap can be used to discover mechanism of action of small molecules, functionally annotate genetic variants of disease genes, and inform clinical trials. The 1.3 million L1000 profiles described here, as well as tools for their analysis, are available at https://clue.io.	Cell	1097-4172		497.0	1136.0			1136.0	4.0	80.0			
X2K (expression2kinases) Web	http://X2K.cloud	Linking expression signatures to upstream cell signaling networks	True	DCIC	29800326	10.1093/nar/gky458	eXpression2Kinases  X2K  Web: linking expression signatures to upstream cell signaling networks.	2018-05-25	While gene expression data at the mRNA level can be globally and accurately measured  profiling the activity of cell signaling pathways is currently much more difficult. eXpression2Kinases  X2K  computationally predicts involvement of upstream cell signaling pathways  given a signature of differentially expressed genes. X2K first computes enrichment for transcription factors likely to regulate the expression of the differentially expressed genes. The next step of X2K connects these enriched transcription factors through known protein-protein interactions  PPIs  to construct a subnetwork. The final step performs kinase enrichment analysis on the members of the subnetwork. X2K Web is a new implementation of the original eXpression2Kinases algorithm with important enhancements. X2K Web includes many new transcription factor and kinase libraries  and PPI networks. For demonstration  thousands of gene expression signatures induced by kinase inhibitors  applied to six breast cancer cell lines  are provided for fetching directly into X2K Web. The results are displayed as interactive downloadable vector graphic network images and bar graphs. Benchmarking various settings via random permutations enabled the identification of an optimal set of parameters to be used as the default settings in X2K Web. X2K Web is freely available from http://X2K.cloud.	Nucleic acids research	1362-4962	CA224260	10.0	53.0	7.0						DBD2K-LINCS Data Coordination and Integration Center; Knowledge Management Center for the Illuminating the Druggable Genome;Department of Pharmacological Scis	USA
