id_namespace	local_id	project_id_namespace	project_local_id	persistent_id	creation_time	granularity
http://www.lincsproject.org/	CD34	http://www.lincsproject.org/	LINCS L1000 Pilot			cfde_subject_granularity:4
http://www.lincsproject.org/	HL60	http://www.lincsproject.org/	LINCS L1000 Pilot			cfde_subject_granularity:4
http://www.lincsproject.org/	PC3	http://www.lincsproject.org/	LINCS L1000 Pilot			cfde_subject_granularity:4
http://www.lincsproject.org/	U937	http://www.lincsproject.org/	LINCS L1000 Pilot			cfde_subject_granularity:4
http://www.lincsproject.org/	MCF7	http://www.lincsproject.org/	LINCS L1000 Pilot			cfde_subject_granularity:4
http://www.lincsproject.org/	A375	http://www.lincsproject.org/	LINCS L1000 Pilot			cfde_subject_granularity:4
http://www.lincsproject.org/	HEK293T	http://www.lincsproject.org/	LINCS L1000 Pilot			cfde_subject_granularity:4
http://www.lincsproject.org/	HA1E	http://www.lincsproject.org/	LINCS L1000 Pilot			cfde_subject_granularity:4
http://www.lincsproject.org/	HCC515	http://www.lincsproject.org/	LINCS L1000 Pilot			cfde_subject_granularity:4
http://www.lincsproject.org/	VCAP	http://www.lincsproject.org/	LINCS L1000 Pilot			cfde_subject_granularity:4
http://www.lincsproject.org/	HEPG2	http://www.lincsproject.org/	LINCS L1000 Pilot			cfde_subject_granularity:4
http://www.lincsproject.org/	HT29	http://www.lincsproject.org/	LINCS L1000 Pilot			cfde_subject_granularity:4
http://www.lincsproject.org/	A549	http://www.lincsproject.org/	LINCS L1000 Pilot			cfde_subject_granularity:4
http://www.lincsproject.org/	A673	http://www.lincsproject.org/	LINCS L1000 Pilot			cfde_subject_granularity:4
http://www.lincsproject.org/	AGS	http://www.lincsproject.org/	LINCS L1000 Pilot			cfde_subject_granularity:4
http://www.lincsproject.org/	CL34	http://www.lincsproject.org/	LINCS L1000 Pilot			cfde_subject_granularity:4
http://www.lincsproject.org/	CORL23	http://www.lincsproject.org/	LINCS L1000 Pilot			cfde_subject_granularity:4
http://www.lincsproject.org/	COV644	http://www.lincsproject.org/	LINCS L1000 Pilot			cfde_subject_granularity:4
http://www.lincsproject.org/	DV90	http://www.lincsproject.org/	LINCS L1000 Pilot			cfde_subject_granularity:4
http://www.lincsproject.org/	EFO27	http://www.lincsproject.org/	LINCS L1000 Pilot			cfde_subject_granularity:4
http://www.lincsproject.org/	H1299	http://www.lincsproject.org/	LINCS L1000 Pilot			cfde_subject_granularity:4
http://www.lincsproject.org/	HCC15	http://www.lincsproject.org/	LINCS L1000 Pilot			cfde_subject_granularity:4
http://www.lincsproject.org/	HCT116	http://www.lincsproject.org/	LINCS L1000 Pilot			cfde_subject_granularity:4
http://www.lincsproject.org/	HEC108	http://www.lincsproject.org/	LINCS L1000 Pilot			cfde_subject_granularity:4
http://www.lincsproject.org/	HT115	http://www.lincsproject.org/	LINCS L1000 Pilot			cfde_subject_granularity:4
http://www.lincsproject.org/	JHUEM2	http://www.lincsproject.org/	LINCS L1000 Pilot			cfde_subject_granularity:4
http://www.lincsproject.org/	LOVO	http://www.lincsproject.org/	LINCS L1000 Pilot			cfde_subject_granularity:4
http://www.lincsproject.org/	MDST8	http://www.lincsproject.org/	LINCS L1000 Pilot			cfde_subject_granularity:4
http://www.lincsproject.org/	NCIH1694	http://www.lincsproject.org/	LINCS L1000 Pilot			cfde_subject_granularity:4
http://www.lincsproject.org/	NCIH1836	http://www.lincsproject.org/	LINCS L1000 Pilot			cfde_subject_granularity:4
http://www.lincsproject.org/	NCIH2073	http://www.lincsproject.org/	LINCS L1000 Pilot			cfde_subject_granularity:4
http://www.lincsproject.org/	NCIH508	http://www.lincsproject.org/	LINCS L1000 Pilot			cfde_subject_granularity:4
http://www.lincsproject.org/	NCIH596	http://www.lincsproject.org/	LINCS L1000 Pilot			cfde_subject_granularity:4
http://www.lincsproject.org/	NOMO1	http://www.lincsproject.org/	LINCS L1000 Pilot			cfde_subject_granularity:4
http://www.lincsproject.org/	OV7	http://www.lincsproject.org/	LINCS L1000 Pilot			cfde_subject_granularity:4
http://www.lincsproject.org/	PL21	http://www.lincsproject.org/	LINCS L1000 Pilot			cfde_subject_granularity:4
http://www.lincsproject.org/	RKO	http://www.lincsproject.org/	LINCS L1000 Pilot			cfde_subject_granularity:4
http://www.lincsproject.org/	RMGI	http://www.lincsproject.org/	LINCS L1000 Pilot			cfde_subject_granularity:4
http://www.lincsproject.org/	RMUGS	http://www.lincsproject.org/	LINCS L1000 Pilot			cfde_subject_granularity:4
http://www.lincsproject.org/	SKLU1	http://www.lincsproject.org/	LINCS L1000 Pilot			cfde_subject_granularity:4
http://www.lincsproject.org/	SKM1	http://www.lincsproject.org/	LINCS L1000 Pilot			cfde_subject_granularity:4
http://www.lincsproject.org/	SKMEL1	http://www.lincsproject.org/	LINCS L1000 Pilot			cfde_subject_granularity:4
http://www.lincsproject.org/	SKMEL28	http://www.lincsproject.org/	LINCS L1000 Pilot			cfde_subject_granularity:4
http://www.lincsproject.org/	SNGM	http://www.lincsproject.org/	LINCS L1000 Pilot			cfde_subject_granularity:4
http://www.lincsproject.org/	SNU1040	http://www.lincsproject.org/	LINCS L1000 Pilot			cfde_subject_granularity:4
http://www.lincsproject.org/	SNUC4	http://www.lincsproject.org/	LINCS L1000 Pilot			cfde_subject_granularity:4
http://www.lincsproject.org/	SNUC5	http://www.lincsproject.org/	LINCS L1000 Pilot			cfde_subject_granularity:4
http://www.lincsproject.org/	SW480	http://www.lincsproject.org/	LINCS L1000 Pilot			cfde_subject_granularity:4
http://www.lincsproject.org/	SW620	http://www.lincsproject.org/	LINCS L1000 Pilot			cfde_subject_granularity:4
http://www.lincsproject.org/	SW948	http://www.lincsproject.org/	LINCS L1000 Pilot			cfde_subject_granularity:4
http://www.lincsproject.org/	T3M10	http://www.lincsproject.org/	LINCS L1000 Pilot			cfde_subject_granularity:4
http://www.lincsproject.org/	THP1	http://www.lincsproject.org/	LINCS L1000 Pilot			cfde_subject_granularity:4
http://www.lincsproject.org/	TYKNU	http://www.lincsproject.org/	LINCS L1000 Pilot			cfde_subject_granularity:4
http://www.lincsproject.org/	WSUDLCL2	http://www.lincsproject.org/	LINCS L1000 Pilot			cfde_subject_granularity:4
http://www.lincsproject.org/	ASC	http://www.lincsproject.org/	LINCS L1000 Pilot			cfde_subject_granularity:4
http://www.lincsproject.org/	NEU	http://www.lincsproject.org/	LINCS L1000 Pilot			cfde_subject_granularity:4
http://www.lincsproject.org/	NPC	http://www.lincsproject.org/	LINCS L1000 Pilot			cfde_subject_granularity:4
http://www.lincsproject.org/	PHH	http://www.lincsproject.org/	LINCS L1000 Pilot			cfde_subject_granularity:4
http://www.lincsproject.org/	SKB	http://www.lincsproject.org/	LINCS L1000 Pilot			cfde_subject_granularity:4
http://www.lincsproject.org/	HUH7	http://www.lincsproject.org/	LINCS L1000 Pilot			cfde_subject_granularity:4
http://www.lincsproject.org/	SHSY5Y	http://www.lincsproject.org/	LINCS L1000 Pilot			cfde_subject_granularity:4
http://www.lincsproject.org/	SKL	http://www.lincsproject.org/	LINCS L1000 Pilot			cfde_subject_granularity:4
http://www.lincsproject.org/	HS27A	http://www.lincsproject.org/	LINCS L1000 Pilot			cfde_subject_granularity:4
http://www.lincsproject.org/	BT20	http://www.lincsproject.org/	LINCS L1000 Pilot			cfde_subject_granularity:4
http://www.lincsproject.org/	HS578T	http://www.lincsproject.org/	LINCS L1000 Pilot			cfde_subject_granularity:4
http://www.lincsproject.org/	MCF10A	http://www.lincsproject.org/	LINCS L1000 Pilot			cfde_subject_granularity:4
http://www.lincsproject.org/	MDAMB231	http://www.lincsproject.org/	LINCS L1000 Pilot			cfde_subject_granularity:4
http://www.lincsproject.org/	SKBR3	http://www.lincsproject.org/	LINCS L1000 Pilot			cfde_subject_granularity:4
http://www.lincsproject.org/	NKDBA	http://www.lincsproject.org/	LINCS L1000 Pilot			cfde_subject_granularity:4
http://www.lincsproject.org/	FIBRNPC	http://www.lincsproject.org/	LINCS L1000 Pilot			cfde_subject_granularity:4
http://www.lincsproject.org/	JURKAT	http://www.lincsproject.org/	LINCS L1000 Pilot			cfde_subject_granularity:4
http://www.lincsproject.org/	U266	http://www.lincsproject.org/	LINCS L1000 Pilot			cfde_subject_granularity:4
http://www.lincsproject.org/	MCH58	http://www.lincsproject.org/	LINCS L1000 Pilot			cfde_subject_granularity:4
http://www.lincsproject.org/	NCIH716	http://www.lincsproject.org/	LINCS L1000 Pilot			cfde_subject_granularity:4
http://www.lincsproject.org/	HEKTE	http://www.lincsproject.org/	LINCS L1000 Pilot			cfde_subject_granularity:4
http://www.lincsproject.org/	U2OS	http://www.lincsproject.org/	LINCS L1000 Pilot			cfde_subject_granularity:4
http://www.lincsproject.org/	YAPC	http://www.lincsproject.org/	LINCS L1000 PCCSE			cfde_subject_granularity:4
http://www.lincsproject.org/	NPC.TAK	http://www.lincsproject.org/	LINCS L1000 PCCSE			cfde_subject_granularity:4
http://www.lincsproject.org/	GTEX-XYKS	http://www.lincsproject.org/	LINCS L1000 GTEx			cfde_subject_granularity:0
http://www.lincsproject.org/	GTEX-XMK1	http://www.lincsproject.org/	LINCS L1000 GTEx			cfde_subject_granularity:0
http://www.lincsproject.org/	GTEX-XBEW	http://www.lincsproject.org/	LINCS L1000 GTEx			cfde_subject_granularity:0
http://www.lincsproject.org/	GTEX-POYW	http://www.lincsproject.org/	LINCS L1000 GTEx			cfde_subject_granularity:0
http://www.lincsproject.org/	GTEX-RNOR	http://www.lincsproject.org/	LINCS L1000 GTEx			cfde_subject_granularity:0
http://www.lincsproject.org/	GTEX-QDT8	http://www.lincsproject.org/	LINCS L1000 GTEx			cfde_subject_granularity:0
http://www.lincsproject.org/	GTEX-QEG4	http://www.lincsproject.org/	LINCS L1000 GTEx			cfde_subject_granularity:0
http://www.lincsproject.org/	GTEX-P78B	http://www.lincsproject.org/	LINCS L1000 GTEx			cfde_subject_granularity:0
http://www.lincsproject.org/	GTEX-QEG5	http://www.lincsproject.org/	LINCS L1000 GTEx			cfde_subject_granularity:0
http://www.lincsproject.org/	GTEX-SN8G	http://www.lincsproject.org/	LINCS L1000 GTEx			cfde_subject_granularity:0
http://www.lincsproject.org/	GTEX-O5YV	http://www.lincsproject.org/	LINCS L1000 GTEx			cfde_subject_granularity:0
http://www.lincsproject.org/	GTEX-ZTX8	http://www.lincsproject.org/	LINCS L1000 GTEx			cfde_subject_granularity:0
http://www.lincsproject.org/	GTEX-PLZ6	http://www.lincsproject.org/	LINCS L1000 GTEx			cfde_subject_granularity:0
http://www.lincsproject.org/	GTEX-WH7G	http://www.lincsproject.org/	LINCS L1000 GTEx			cfde_subject_granularity:0
http://www.lincsproject.org/	GTEX-S4Q7	http://www.lincsproject.org/	LINCS L1000 GTEx			cfde_subject_granularity:0
http://www.lincsproject.org/	GTEX-YEC4	http://www.lincsproject.org/	LINCS L1000 GTEx			cfde_subject_granularity:0
http://www.lincsproject.org/	GTEX-OHPL	http://www.lincsproject.org/	LINCS L1000 GTEx			cfde_subject_granularity:0
http://www.lincsproject.org/	GTEX-ZDTT	http://www.lincsproject.org/	LINCS L1000 GTEx			cfde_subject_granularity:0
http://www.lincsproject.org/	GTEX-QCQG	http://www.lincsproject.org/	LINCS L1000 GTEx			cfde_subject_granularity:0
http://www.lincsproject.org/	GTEX-PW2O	http://www.lincsproject.org/	LINCS L1000 GTEx			cfde_subject_granularity:0
http://www.lincsproject.org/	GTEX-XUJ4	http://www.lincsproject.org/	LINCS L1000 GTEx			cfde_subject_granularity:0
http://www.lincsproject.org/	GTEX-XK95	http://www.lincsproject.org/	LINCS L1000 GTEx			cfde_subject_granularity:0
http://www.lincsproject.org/	GTEX-SNMC	http://www.lincsproject.org/	LINCS L1000 GTEx			cfde_subject_granularity:0
http://www.lincsproject.org/	GTEX-X15G	http://www.lincsproject.org/	LINCS L1000 GTEx			cfde_subject_granularity:0
http://www.lincsproject.org/	GTEX-NFK9	http://www.lincsproject.org/	LINCS L1000 GTEx			cfde_subject_granularity:0
http://www.lincsproject.org/	GTEX-U3ZN	http://www.lincsproject.org/	LINCS L1000 GTEx			cfde_subject_granularity:0
http://www.lincsproject.org/	GTEX-UTHO	http://www.lincsproject.org/	LINCS L1000 GTEx			cfde_subject_granularity:0
http://www.lincsproject.org/	GTEX-OHPK	http://www.lincsproject.org/	LINCS L1000 GTEx			cfde_subject_granularity:0
http://www.lincsproject.org/	GTEX-TMMY	http://www.lincsproject.org/	LINCS L1000 GTEx			cfde_subject_granularity:0
http://www.lincsproject.org/	GTEX-OXRL	http://www.lincsproject.org/	LINCS L1000 GTEx			cfde_subject_granularity:0
http://www.lincsproject.org/	GTEX-Y9LG	http://www.lincsproject.org/	LINCS L1000 GTEx			cfde_subject_granularity:0
http://www.lincsproject.org/	GTEX-RWSA	http://www.lincsproject.org/	LINCS L1000 GTEx			cfde_subject_granularity:0
http://www.lincsproject.org/	GTEX-V955	http://www.lincsproject.org/	LINCS L1000 GTEx			cfde_subject_granularity:0
http://www.lincsproject.org/	GTEX-WK11	http://www.lincsproject.org/	LINCS L1000 GTEx			cfde_subject_granularity:0
http://www.lincsproject.org/	GTEX-Y111	http://www.lincsproject.org/	LINCS L1000 GTEx			cfde_subject_granularity:0
http://www.lincsproject.org/	GTEX-YEC3	http://www.lincsproject.org/	LINCS L1000 GTEx			cfde_subject_granularity:0
http://www.lincsproject.org/	GTEX-Y8E4	http://www.lincsproject.org/	LINCS L1000 GTEx			cfde_subject_granularity:0
http://www.lincsproject.org/	GTEX-S3XE	http://www.lincsproject.org/	LINCS L1000 GTEx			cfde_subject_granularity:0
http://www.lincsproject.org/	GTEX-PWOO	http://www.lincsproject.org/	LINCS L1000 GTEx			cfde_subject_granularity:0
http://www.lincsproject.org/	GTEX-Q734	http://www.lincsproject.org/	LINCS L1000 GTEx			cfde_subject_granularity:0
http://www.lincsproject.org/	GTEX-T5JW	http://www.lincsproject.org/	LINCS L1000 GTEx			cfde_subject_granularity:0
http://www.lincsproject.org/	GTEX-XQ3S	http://www.lincsproject.org/	LINCS L1000 GTEx			cfde_subject_granularity:0
http://www.lincsproject.org/	GTEX-X638	http://www.lincsproject.org/	LINCS L1000 GTEx			cfde_subject_granularity:0
http://www.lincsproject.org/	GTEX-PWN1	http://www.lincsproject.org/	LINCS L1000 GTEx			cfde_subject_granularity:0
http://www.lincsproject.org/	GTEX-ZVT3	http://www.lincsproject.org/	LINCS L1000 GTEx			cfde_subject_granularity:0
http://www.lincsproject.org/	GTEX-QESD	http://www.lincsproject.org/	LINCS L1000 GTEx			cfde_subject_granularity:0
http://www.lincsproject.org/	GTEX-Q2AG	http://www.lincsproject.org/	LINCS L1000 GTEx			cfde_subject_granularity:0
http://www.lincsproject.org/	GTEX-ZTSS	http://www.lincsproject.org/	LINCS L1000 GTEx			cfde_subject_granularity:0
http://www.lincsproject.org/	GTEX-XOTO	http://www.lincsproject.org/	LINCS L1000 GTEx			cfde_subject_granularity:0
http://www.lincsproject.org/	GTEX-TKQ2	http://www.lincsproject.org/	LINCS L1000 GTEx			cfde_subject_granularity:0
http://www.lincsproject.org/	GTEX-ZE7O	http://www.lincsproject.org/	LINCS L1000 GTEx			cfde_subject_granularity:0
http://www.lincsproject.org/	GTEX-XQ8I	http://www.lincsproject.org/	LINCS L1000 GTEx			cfde_subject_granularity:0
http://www.lincsproject.org/	GTEX-WVJS	http://www.lincsproject.org/	LINCS L1000 GTEx			cfde_subject_granularity:0
http://www.lincsproject.org/	GTEX-ZLWG	http://www.lincsproject.org/	LINCS L1000 GTEx			cfde_subject_granularity:0
http://www.lincsproject.org/	GTEX-VUSG	http://www.lincsproject.org/	LINCS L1000 GTEx			cfde_subject_granularity:0
http://www.lincsproject.org/	GTEX-PX3G	http://www.lincsproject.org/	LINCS L1000 GTEx			cfde_subject_granularity:0
http://www.lincsproject.org/	GTEX-RVPV	http://www.lincsproject.org/	LINCS L1000 GTEx			cfde_subject_granularity:0
http://www.lincsproject.org/	GTEX-S341	http://www.lincsproject.org/	LINCS L1000 GTEx			cfde_subject_granularity:0
http://www.lincsproject.org/	GTEX-ZPIC	http://www.lincsproject.org/	LINCS L1000 GTEx			cfde_subject_granularity:0
http://www.lincsproject.org/	GTEX-WOFM	http://www.lincsproject.org/	LINCS L1000 GTEx			cfde_subject_granularity:0
http://www.lincsproject.org/	GTEX-Y5V6	http://www.lincsproject.org/	LINCS L1000 GTEx			cfde_subject_granularity:0
http://www.lincsproject.org/	GTEX-X4LF	http://www.lincsproject.org/	LINCS L1000 GTEx			cfde_subject_granularity:0
http://www.lincsproject.org/	GTEX-XXEK	http://www.lincsproject.org/	LINCS L1000 GTEx			cfde_subject_granularity:0
http://www.lincsproject.org/	GTEX-SNOS	http://www.lincsproject.org/	LINCS L1000 GTEx			cfde_subject_granularity:0
http://www.lincsproject.org/	GTEX-ZLFU	http://www.lincsproject.org/	LINCS L1000 GTEx			cfde_subject_granularity:0
http://www.lincsproject.org/	GTEX-S32W	http://www.lincsproject.org/	LINCS L1000 GTEx			cfde_subject_granularity:0
http://www.lincsproject.org/	GTEX-QDVN	http://www.lincsproject.org/	LINCS L1000 GTEx			cfde_subject_granularity:0
http://www.lincsproject.org/	GTEX-XMD3	http://www.lincsproject.org/	LINCS L1000 GTEx			cfde_subject_granularity:0
http://www.lincsproject.org/	GTEX-TML8	http://www.lincsproject.org/	LINCS L1000 GTEx			cfde_subject_granularity:0
http://www.lincsproject.org/	GTEX-WEY5	http://www.lincsproject.org/	LINCS L1000 GTEx			cfde_subject_granularity:0
http://www.lincsproject.org/	GTEX-X3Y1	http://www.lincsproject.org/	LINCS L1000 GTEx			cfde_subject_granularity:0
http://www.lincsproject.org/	GTEX-XMD2	http://www.lincsproject.org/	LINCS L1000 GTEx			cfde_subject_granularity:0
http://www.lincsproject.org/	GTEX-WHWD	http://www.lincsproject.org/	LINCS L1000 GTEx			cfde_subject_granularity:0
http://www.lincsproject.org/	GTEX-PLZ5	http://www.lincsproject.org/	LINCS L1000 GTEx			cfde_subject_granularity:0
http://www.lincsproject.org/	GTEX-ZC5H	http://www.lincsproject.org/	LINCS L1000 GTEx			cfde_subject_granularity:0
http://www.lincsproject.org/	GTEX-OOBK	http://www.lincsproject.org/	LINCS L1000 GTEx			cfde_subject_granularity:0
http://www.lincsproject.org/	GTEX-T6MO	http://www.lincsproject.org/	LINCS L1000 GTEx			cfde_subject_granularity:0
http://www.lincsproject.org/	GTEX-NL4W	http://www.lincsproject.org/	LINCS L1000 GTEx			cfde_subject_granularity:0
http://www.lincsproject.org/	GTEX-Q2AH	http://www.lincsproject.org/	LINCS L1000 GTEx			cfde_subject_granularity:0
http://www.lincsproject.org/	GTEX-SSA3	http://www.lincsproject.org/	LINCS L1000 GTEx			cfde_subject_granularity:0
http://www.lincsproject.org/	GTEX-S7PM	http://www.lincsproject.org/	LINCS L1000 GTEx			cfde_subject_granularity:0
http://www.lincsproject.org/	GTEX-PLZ4	http://www.lincsproject.org/	LINCS L1000 GTEx			cfde_subject_granularity:0
http://www.lincsproject.org/	GTEX-Y3IK	http://www.lincsproject.org/	LINCS L1000 GTEx			cfde_subject_granularity:0
http://www.lincsproject.org/	GTEX-T6MN	http://www.lincsproject.org/	LINCS L1000 GTEx			cfde_subject_granularity:0
http://www.lincsproject.org/	GTEX-VJWN	http://www.lincsproject.org/	LINCS L1000 GTEx			cfde_subject_granularity:0
http://www.lincsproject.org/	GTEX-WFON	http://www.lincsproject.org/	LINCS L1000 GTEx			cfde_subject_granularity:0
http://www.lincsproject.org/	GTEX-UPK5	http://www.lincsproject.org/	LINCS L1000 GTEx			cfde_subject_granularity:0
http://www.lincsproject.org/	GTEX-VJYA	http://www.lincsproject.org/	LINCS L1000 GTEx			cfde_subject_granularity:0
http://www.lincsproject.org/	GTEX-XBED	http://www.lincsproject.org/	LINCS L1000 GTEx			cfde_subject_granularity:0
http://www.lincsproject.org/	GTEX-SIU8	http://www.lincsproject.org/	LINCS L1000 GTEx			cfde_subject_granularity:0
http://www.lincsproject.org/	GTEX-PSDG	http://www.lincsproject.org/	LINCS L1000 GTEx			cfde_subject_granularity:0
http://www.lincsproject.org/	GTEX-S4Z8	http://www.lincsproject.org/	LINCS L1000 GTEx			cfde_subject_granularity:0
http://www.lincsproject.org/	GTEX-S7SF	http://www.lincsproject.org/	LINCS L1000 GTEx			cfde_subject_granularity:0
http://www.lincsproject.org/	GTEX-YECK	http://www.lincsproject.org/	LINCS L1000 GTEx			cfde_subject_granularity:0
http://www.lincsproject.org/	GTEX-U4B1	http://www.lincsproject.org/	LINCS L1000 GTEx			cfde_subject_granularity:0
http://www.lincsproject.org/	GTEX-UJMC	http://www.lincsproject.org/	LINCS L1000 GTEx			cfde_subject_granularity:0
http://www.lincsproject.org/	GTEX-RM2N	http://www.lincsproject.org/	LINCS L1000 GTEx			cfde_subject_granularity:0
http://www.lincsproject.org/	GTEX-WRHU	http://www.lincsproject.org/	LINCS L1000 GTEx			cfde_subject_granularity:0
http://www.lincsproject.org/	GTEX-TKQ1	http://www.lincsproject.org/	LINCS L1000 GTEx			cfde_subject_granularity:0
http://www.lincsproject.org/	GTEX-WFG7	http://www.lincsproject.org/	LINCS L1000 GTEx			cfde_subject_granularity:0
http://www.lincsproject.org/	GTEX-Y114	http://www.lincsproject.org/	LINCS L1000 GTEx			cfde_subject_granularity:0
http://www.lincsproject.org/	GTEX-ZTTD	http://www.lincsproject.org/	LINCS L1000 GTEx			cfde_subject_granularity:0
http://www.lincsproject.org/	GTEX-YJ89	http://www.lincsproject.org/	LINCS L1000 GTEx			cfde_subject_granularity:0
http://www.lincsproject.org/	GTEX-XPT6	http://www.lincsproject.org/	LINCS L1000 GTEx			cfde_subject_granularity:0
http://www.lincsproject.org/	GTEX-RWS6	http://www.lincsproject.org/	LINCS L1000 GTEx			cfde_subject_granularity:0
http://www.lincsproject.org/	GTEX-RUSQ	http://www.lincsproject.org/	LINCS L1000 GTEx			cfde_subject_granularity:0
http://www.lincsproject.org/	GTEX-REY6	http://www.lincsproject.org/	LINCS L1000 GTEx			cfde_subject_granularity:0
http://www.lincsproject.org/	GTEX-S4P3	http://www.lincsproject.org/	LINCS L1000 GTEx			cfde_subject_granularity:0
http://www.lincsproject.org/	GTEX-RTLS	http://www.lincsproject.org/	LINCS L1000 GTEx			cfde_subject_granularity:0
http://www.lincsproject.org/	GTEX-T5JC	http://www.lincsproject.org/	LINCS L1000 GTEx			cfde_subject_granularity:0
http://www.lincsproject.org/	GTEX-X4EO	http://www.lincsproject.org/	LINCS L1000 GTEx			cfde_subject_granularity:0
http://www.lincsproject.org/	GTEX-R55G	http://www.lincsproject.org/	LINCS L1000 GTEx			cfde_subject_granularity:0
http://www.lincsproject.org/	GTEX-UPIC	http://www.lincsproject.org/	LINCS L1000 GTEx			cfde_subject_granularity:0
http://www.lincsproject.org/	GTEX-SE5C	http://www.lincsproject.org/	LINCS L1000 GTEx			cfde_subject_granularity:0
http://www.lincsproject.org/	GTEX-WRHK	http://www.lincsproject.org/	LINCS L1000 GTEx			cfde_subject_granularity:0
http://www.lincsproject.org/	GTEX-PVOW	http://www.lincsproject.org/	LINCS L1000 GTEx			cfde_subject_granularity:0
http://www.lincsproject.org/	GTEX-Y5LM	http://www.lincsproject.org/	LINCS L1000 GTEx			cfde_subject_granularity:0
http://www.lincsproject.org/	GTEX-XGQ4	http://www.lincsproject.org/	LINCS L1000 GTEx			cfde_subject_granularity:0
http://www.lincsproject.org/	GTEX-N7MS	http://www.lincsproject.org/	LINCS L1000 GTEx			cfde_subject_granularity:0
http://www.lincsproject.org/	GTEX-ZG7Y	http://www.lincsproject.org/	LINCS L1000 GTEx			cfde_subject_granularity:0
http://www.lincsproject.org/	GTEX-ZQUD	http://www.lincsproject.org/	LINCS L1000 GTEx			cfde_subject_granularity:0
http://www.lincsproject.org/	GTEX-OXRO	http://www.lincsproject.org/	LINCS L1000 GTEx			cfde_subject_granularity:0
http://www.lincsproject.org/	GTEX-WHSB	http://www.lincsproject.org/	LINCS L1000 GTEx			cfde_subject_granularity:0
http://www.lincsproject.org/	GTEX-R55E	http://www.lincsproject.org/	LINCS L1000 GTEx			cfde_subject_granularity:0
http://www.lincsproject.org/	GTEX-X62O	http://www.lincsproject.org/	LINCS L1000 GTEx			cfde_subject_granularity:0
http://www.lincsproject.org/	GTEX-U8XE	http://www.lincsproject.org/	LINCS L1000 GTEx			cfde_subject_granularity:0
http://www.lincsproject.org/	GTEX-OIZG	http://www.lincsproject.org/	LINCS L1000 GTEx			cfde_subject_granularity:0
http://www.lincsproject.org/	GTEX-ZF2S	http://www.lincsproject.org/	LINCS L1000 GTEx			cfde_subject_granularity:0
http://www.lincsproject.org/	GTEX-WFJO	http://www.lincsproject.org/	LINCS L1000 GTEx			cfde_subject_granularity:0
http://www.lincsproject.org/	GTEX-WHSE	http://www.lincsproject.org/	LINCS L1000 GTEx			cfde_subject_granularity:0
http://www.lincsproject.org/	GTEX-XPVG	http://www.lincsproject.org/	LINCS L1000 GTEx			cfde_subject_granularity:0
http://www.lincsproject.org/	GTEX-X4EP	http://www.lincsproject.org/	LINCS L1000 GTEx			cfde_subject_granularity:0
http://www.lincsproject.org/	GTEX-NPJ8	http://www.lincsproject.org/	LINCS L1000 GTEx			cfde_subject_granularity:0
http://www.lincsproject.org/	GTEX-WZTO	http://www.lincsproject.org/	LINCS L1000 GTEx			cfde_subject_granularity:0
http://www.lincsproject.org/	GTEX-P4QS	http://www.lincsproject.org/	LINCS L1000 GTEx			cfde_subject_granularity:0
http://www.lincsproject.org/	GTEX-U3ZH	http://www.lincsproject.org/	LINCS L1000 GTEx			cfde_subject_granularity:0
http://www.lincsproject.org/	GTEX-ZF3C	http://www.lincsproject.org/	LINCS L1000 GTEx			cfde_subject_granularity:0
http://www.lincsproject.org/	GTEX-P4QR	http://www.lincsproject.org/	LINCS L1000 GTEx			cfde_subject_granularity:0
http://www.lincsproject.org/	GTEX-Y3I4	http://www.lincsproject.org/	LINCS L1000 GTEx			cfde_subject_granularity:0
http://www.lincsproject.org/	GTEX-YFCO	http://www.lincsproject.org/	LINCS L1000 GTEx			cfde_subject_granularity:0
http://www.lincsproject.org/	GTEX-ZT9W	http://www.lincsproject.org/	LINCS L1000 GTEx			cfde_subject_granularity:0
http://www.lincsproject.org/	GTEX-X5EB	http://www.lincsproject.org/	LINCS L1000 GTEx			cfde_subject_granularity:0
http://www.lincsproject.org/	GTEX-NL3G	http://www.lincsproject.org/	LINCS L1000 GTEx			cfde_subject_granularity:0
http://www.lincsproject.org/	GTEX-WL46	http://www.lincsproject.org/	LINCS L1000 GTEx			cfde_subject_granularity:0
http://www.lincsproject.org/	GTEX-XAJ8	http://www.lincsproject.org/	LINCS L1000 GTEx			cfde_subject_granularity:0
http://www.lincsproject.org/	GTEX-R55D	http://www.lincsproject.org/	LINCS L1000 GTEx			cfde_subject_granularity:0
http://www.lincsproject.org/	GTEX-XLM4	http://www.lincsproject.org/	LINCS L1000 GTEx			cfde_subject_granularity:0
http://www.lincsproject.org/	GTEX-N7MT	http://www.lincsproject.org/	LINCS L1000 GTEx			cfde_subject_granularity:0
http://www.lincsproject.org/	GTEX-T8EM	http://www.lincsproject.org/	LINCS L1000 GTEx			cfde_subject_granularity:0
http://www.lincsproject.org/	GTEX-U3ZM	http://www.lincsproject.org/	LINCS L1000 GTEx			cfde_subject_granularity:0
http://www.lincsproject.org/	GTEX-QMR6	http://www.lincsproject.org/	LINCS L1000 GTEx			cfde_subject_granularity:0
http://www.lincsproject.org/	GTEX-O5YW	http://www.lincsproject.org/	LINCS L1000 GTEx			cfde_subject_granularity:0
http://www.lincsproject.org/	GTEX-V1D1	http://www.lincsproject.org/	LINCS L1000 GTEx			cfde_subject_granularity:0
http://www.lincsproject.org/	GTEX-OXRN	http://www.lincsproject.org/	LINCS L1000 GTEx			cfde_subject_granularity:0
http://www.lincsproject.org/	GTEX-RU1J	http://www.lincsproject.org/	LINCS L1000 GTEx			cfde_subject_granularity:0
http://www.lincsproject.org/	GTEX-UJHI	http://www.lincsproject.org/	LINCS L1000 GTEx			cfde_subject_granularity:0
http://www.lincsproject.org/	GTEX-QXCU	http://www.lincsproject.org/	LINCS L1000 GTEx			cfde_subject_granularity:0
http://www.lincsproject.org/	GTEX-ZLV1	http://www.lincsproject.org/	LINCS L1000 GTEx			cfde_subject_granularity:0
http://www.lincsproject.org/	GTEX-WFG8	http://www.lincsproject.org/	LINCS L1000 GTEx			cfde_subject_granularity:0
http://www.lincsproject.org/	GTEX-Y8DK	http://www.lincsproject.org/	LINCS L1000 GTEx			cfde_subject_granularity:0
http://www.lincsproject.org/	GTEX-OIZH	http://www.lincsproject.org/	LINCS L1000 GTEx			cfde_subject_granularity:0
http://www.lincsproject.org/	GTEX-Y5V5	http://www.lincsproject.org/	LINCS L1000 GTEx			cfde_subject_granularity:0
http://www.lincsproject.org/	GTEX-P44H	http://www.lincsproject.org/	LINCS L1000 GTEx			cfde_subject_granularity:0
http://www.lincsproject.org/	GTEX-TSE9	http://www.lincsproject.org/	LINCS L1000 GTEx			cfde_subject_granularity:0
http://www.lincsproject.org/	GTEX-WHPG	http://www.lincsproject.org/	LINCS L1000 GTEx			cfde_subject_granularity:0
http://www.lincsproject.org/	GTEX-ZVP2	http://www.lincsproject.org/	LINCS L1000 GTEx			cfde_subject_granularity:0
http://www.lincsproject.org/	GTEX-ZDTS	http://www.lincsproject.org/	LINCS L1000 GTEx			cfde_subject_granularity:0
http://www.lincsproject.org/	GTEX-XUW1	http://www.lincsproject.org/	LINCS L1000 GTEx			cfde_subject_granularity:0
http://www.lincsproject.org/	GTEX-X261	http://www.lincsproject.org/	LINCS L1000 GTEx			cfde_subject_granularity:0
http://www.lincsproject.org/	GTEX-QV44	http://www.lincsproject.org/	LINCS L1000 GTEx			cfde_subject_granularity:0
http://www.lincsproject.org/	GTEX-ZUA1	http://www.lincsproject.org/	LINCS L1000 GTEx			cfde_subject_granularity:0
http://www.lincsproject.org/	GTEX-ZV7C	http://www.lincsproject.org/	LINCS L1000 GTEx			cfde_subject_granularity:0
http://www.lincsproject.org/	GTEX-OOBJ	http://www.lincsproject.org/	LINCS L1000 GTEx			cfde_subject_granularity:0
http://www.lincsproject.org/	GTEX-SIU7	http://www.lincsproject.org/	LINCS L1000 GTEx			cfde_subject_granularity:0
http://www.lincsproject.org/	GTEX-R53T	http://www.lincsproject.org/	LINCS L1000 GTEx			cfde_subject_granularity:0
http://www.lincsproject.org/	GTEX-ZQG8	http://www.lincsproject.org/	LINCS L1000 GTEx			cfde_subject_granularity:0
http://www.lincsproject.org/	GTEX-T2IS	http://www.lincsproject.org/	LINCS L1000 GTEx			cfde_subject_granularity:0
http://www.lincsproject.org/	GTEX-PWO3	http://www.lincsproject.org/	LINCS L1000 GTEx			cfde_subject_granularity:0
http://www.lincsproject.org/	GTEX-WOFL	http://www.lincsproject.org/	LINCS L1000 GTEx			cfde_subject_granularity:0
http://www.lincsproject.org/	GTEX-ZPCL	http://www.lincsproject.org/	LINCS L1000 GTEx			cfde_subject_granularity:0
http://www.lincsproject.org/	GTEX-QDVJ	http://www.lincsproject.org/	LINCS L1000 GTEx			cfde_subject_granularity:0
http://www.lincsproject.org/	GTEX-ZTPG	http://www.lincsproject.org/	LINCS L1000 GTEx			cfde_subject_granularity:0
http://www.lincsproject.org/	GTEX-X88G	http://www.lincsproject.org/	LINCS L1000 GTEx			cfde_subject_granularity:0
http://www.lincsproject.org/	GTEX-X4XX	http://www.lincsproject.org/	LINCS L1000 GTEx			cfde_subject_granularity:0
http://www.lincsproject.org/	GTEX-XUYS	http://www.lincsproject.org/	LINCS L1000 GTEx			cfde_subject_granularity:0
http://www.lincsproject.org/	GTEX-X4XY	http://www.lincsproject.org/	LINCS L1000 GTEx			cfde_subject_granularity:0
http://www.lincsproject.org/	GTEX-OIZI	http://www.lincsproject.org/	LINCS L1000 GTEx			cfde_subject_granularity:0
http://www.lincsproject.org/	GTEX-TMZS	http://www.lincsproject.org/	LINCS L1000 GTEx			cfde_subject_granularity:0
http://www.lincsproject.org/	GTEX-OHPN	http://www.lincsproject.org/	LINCS L1000 GTEx			cfde_subject_granularity:0
http://www.lincsproject.org/	GTEX-YB5E	http://www.lincsproject.org/	LINCS L1000 GTEx			cfde_subject_granularity:0
http://www.lincsproject.org/	GTEX-Q2AI	http://www.lincsproject.org/	LINCS L1000 GTEx			cfde_subject_granularity:0
http://www.lincsproject.org/	GTEX-QLQW	http://www.lincsproject.org/	LINCS L1000 GTEx			cfde_subject_granularity:0
http://www.lincsproject.org/	GTEX-QLQ7	http://www.lincsproject.org/	LINCS L1000 GTEx			cfde_subject_granularity:0
http://www.lincsproject.org/	GTEX-U8T8	http://www.lincsproject.org/	LINCS L1000 GTEx			cfde_subject_granularity:0
http://www.lincsproject.org/	GTEX-XV7Q	http://www.lincsproject.org/	LINCS L1000 GTEx			cfde_subject_granularity:0
http://www.lincsproject.org/	GTEX-WQUQ	http://www.lincsproject.org/	LINCS L1000 GTEx			cfde_subject_granularity:0
http://www.lincsproject.org/	GTEX-ZPU1	http://www.lincsproject.org/	LINCS L1000 GTEx			cfde_subject_granularity:0
http://www.lincsproject.org/	GTEX-OHPM	http://www.lincsproject.org/	LINCS L1000 GTEx			cfde_subject_granularity:0
http://www.lincsproject.org/	GTEX-NPJ7	http://www.lincsproject.org/	LINCS L1000 GTEx			cfde_subject_granularity:0
http://www.lincsproject.org/	GTEX-WYJK	http://www.lincsproject.org/	LINCS L1000 GTEx			cfde_subject_granularity:0
http://www.lincsproject.org/	GTEX-QEL4	http://www.lincsproject.org/	LINCS L1000 GTEx			cfde_subject_granularity:0
http://www.lincsproject.org/	GTEX-ZP4G	http://www.lincsproject.org/	LINCS L1000 GTEx			cfde_subject_granularity:0
http://www.lincsproject.org/	GTEX-XUZC	http://www.lincsproject.org/	LINCS L1000 GTEx			cfde_subject_granularity:0
http://www.lincsproject.org/	GTEX-P4PQ	http://www.lincsproject.org/	LINCS L1000 GTEx			cfde_subject_granularity:0
http://www.lincsproject.org/	GTEX-RU72	http://www.lincsproject.org/	LINCS L1000 GTEx			cfde_subject_granularity:0
http://www.lincsproject.org/	GTEX-W5X1	http://www.lincsproject.org/	LINCS L1000 GTEx			cfde_subject_granularity:0
http://www.lincsproject.org/	GTEX-QMRM	http://www.lincsproject.org/	LINCS L1000 GTEx			cfde_subject_granularity:0
http://www.lincsproject.org/	GTEX-R55C	http://www.lincsproject.org/	LINCS L1000 GTEx			cfde_subject_granularity:0
http://www.lincsproject.org/	GTEX-U3ZG	http://www.lincsproject.org/	LINCS L1000 GTEx			cfde_subject_granularity:0
http://www.lincsproject.org/	GTEX-SUCS	http://www.lincsproject.org/	LINCS L1000 GTEx			cfde_subject_granularity:0
http://www.lincsproject.org/	GTEX-X585	http://www.lincsproject.org/	LINCS L1000 GTEx			cfde_subject_granularity:0
http://www.lincsproject.org/	GTEX-S7SE	http://www.lincsproject.org/	LINCS L1000 GTEx			cfde_subject_granularity:0
http://www.lincsproject.org/	GTEX-SJXC	http://www.lincsproject.org/	LINCS L1000 GTEx			cfde_subject_granularity:0
http://www.lincsproject.org/	GTEX-ZGAY	http://www.lincsproject.org/	LINCS L1000 GTEx			cfde_subject_granularity:0
http://www.lincsproject.org/	GTEX-W5WG	http://www.lincsproject.org/	LINCS L1000 GTEx			cfde_subject_granularity:0
http://www.lincsproject.org/	GTEX-WWYW	http://www.lincsproject.org/	LINCS L1000 GTEx			cfde_subject_granularity:0
http://www.lincsproject.org/	GTEX-ZT9X	http://www.lincsproject.org/	LINCS L1000 GTEx			cfde_subject_granularity:0
http://www.lincsproject.org/	GTEX-WYVS	http://www.lincsproject.org/	LINCS L1000 GTEx			cfde_subject_granularity:0
http://www.lincsproject.org/	GTEX-P4QT	http://www.lincsproject.org/	LINCS L1000 GTEx			cfde_subject_granularity:0
http://www.lincsproject.org/	GTEX-S33H	http://www.lincsproject.org/	LINCS L1000 GTEx			cfde_subject_granularity:0
http://www.lincsproject.org/	GTEX-XOT4	http://www.lincsproject.org/	LINCS L1000 GTEx			cfde_subject_granularity:0
http://www.lincsproject.org/	GTEX-XBEC	http://www.lincsproject.org/	LINCS L1000 GTEx			cfde_subject_granularity:0
http://www.lincsproject.org/	GTEX-ZAB4	http://www.lincsproject.org/	LINCS L1000 GTEx			cfde_subject_granularity:0
http://www.lincsproject.org/	GTEX-WY7C	http://www.lincsproject.org/	LINCS L1000 GTEx			cfde_subject_granularity:0
http://www.lincsproject.org/	GTEX-OXRK	http://www.lincsproject.org/	LINCS L1000 GTEx			cfde_subject_granularity:0
http://www.lincsproject.org/	GTEX-POMQ	http://www.lincsproject.org/	LINCS L1000 GTEx			cfde_subject_granularity:0
http://www.lincsproject.org/	GTEX-QV31	http://www.lincsproject.org/	LINCS L1000 GTEx			cfde_subject_granularity:0
http://www.lincsproject.org/	GTEX-ZV68	http://www.lincsproject.org/	LINCS L1000 GTEx			cfde_subject_granularity:0
http://www.lincsproject.org/	GTEX-O5YT	http://www.lincsproject.org/	LINCS L1000 GTEx			cfde_subject_granularity:0
http://www.lincsproject.org/	GTEX-S4UY	http://www.lincsproject.org/	LINCS L1000 GTEx			cfde_subject_granularity:0
http://www.lincsproject.org/	GTEX-O5YU	http://www.lincsproject.org/	LINCS L1000 GTEx			cfde_subject_granularity:0
http://www.lincsproject.org/	GTEX-ZVE2	http://www.lincsproject.org/	LINCS L1000 GTEx			cfde_subject_granularity:0
http://www.lincsproject.org/	GTEX-YB5K	http://www.lincsproject.org/	LINCS L1000 GTEx			cfde_subject_granularity:0
http://www.lincsproject.org/	GTEX-ZVT2	http://www.lincsproject.org/	LINCS L1000 GTEx			cfde_subject_granularity:0
http://www.lincsproject.org/	GTEX-X8HC	http://www.lincsproject.org/	LINCS L1000 GTEx			cfde_subject_granularity:0
http://www.lincsproject.org/	GTEX-WWTW	http://www.lincsproject.org/	LINCS L1000 GTEx			cfde_subject_granularity:0
http://www.lincsproject.org/	GTEX-WVLH	http://www.lincsproject.org/	LINCS L1000 GTEx			cfde_subject_granularity:0
http://www.lincsproject.org/	GTEX-OXRP	http://www.lincsproject.org/	LINCS L1000 GTEx			cfde_subject_granularity:0
http://www.lincsproject.org/	GTEX-WXYG	http://www.lincsproject.org/	LINCS L1000 GTEx			cfde_subject_granularity:0
http://www.lincsproject.org/	GTEX-WYBS	http://www.lincsproject.org/	LINCS L1000 GTEx			cfde_subject_granularity:0
http://www.lincsproject.org/	GTEX-P4PP	http://www.lincsproject.org/	LINCS L1000 GTEx			cfde_subject_granularity:0
http://www.lincsproject.org/	GTEX-R55F	http://www.lincsproject.org/	LINCS L1000 GTEx			cfde_subject_granularity:0
http://www.lincsproject.org/	GTEX-R45C	http://www.lincsproject.org/	LINCS L1000 GTEx			cfde_subject_granularity:0
http://www.lincsproject.org/	GTEX-S95S	http://www.lincsproject.org/	LINCS L1000 GTEx			cfde_subject_granularity:0
http://www.lincsproject.org/	GTEX-Y8LW	http://www.lincsproject.org/	LINCS L1000 GTEx			cfde_subject_granularity:0
http://www.lincsproject.org/	GTEX-ZV6S	http://www.lincsproject.org/	LINCS L1000 GTEx			cfde_subject_granularity:0
http://www.lincsproject.org/	GTEX-NL3H	http://www.lincsproject.org/	LINCS L1000 GTEx			cfde_subject_granularity:0
http://www.lincsproject.org/	GTEX-ZVZP	http://www.lincsproject.org/	LINCS L1000 GTEx			cfde_subject_granularity:0
http://www.lincsproject.org/	GTEX-ZDXO	http://www.lincsproject.org/	LINCS L1000 GTEx			cfde_subject_granularity:0
http://www.lincsproject.org/	GTEX-YF7O	http://www.lincsproject.org/	LINCS L1000 GTEx			cfde_subject_granularity:0
http://www.lincsproject.org/	GTEX-UPJH	http://www.lincsproject.org/	LINCS L1000 GTEx			cfde_subject_granularity:0
http://www.lincsproject.org/	GTEX-RN64	http://www.lincsproject.org/	LINCS L1000 GTEx			cfde_subject_granularity:0
http://www.lincsproject.org/	GTEX-PWCY	http://www.lincsproject.org/	LINCS L1000 GTEx			cfde_subject_granularity:0
http://www.lincsproject.org/	GTEX-QVUS	http://www.lincsproject.org/	LINCS L1000 GTEx			cfde_subject_granularity:0
http://www.lincsproject.org/	GTEX-RVPU	http://www.lincsproject.org/	LINCS L1000 GTEx			cfde_subject_granularity:0
http://www.lincsproject.org/	GTEX-QVJO	http://www.lincsproject.org/	LINCS L1000 GTEx			cfde_subject_granularity:0
http://www.lincsproject.org/	GTEX-ZVZQ	http://www.lincsproject.org/	LINCS L1000 GTEx			cfde_subject_granularity:0
http://www.lincsproject.org/	GTEX-Y8E5	http://www.lincsproject.org/	LINCS L1000 GTEx			cfde_subject_granularity:0
http://www.lincsproject.org/	GTEX-Z93S	http://www.lincsproject.org/	LINCS L1000 GTEx			cfde_subject_granularity:0
http://www.lincsproject.org/	GTEX-ZEX8	http://www.lincsproject.org/	LINCS L1000 GTEx			cfde_subject_granularity:0
http://www.lincsproject.org/	GTEX-WI4N	http://www.lincsproject.org/	LINCS L1000 GTEx			cfde_subject_granularity:0
http://www.lincsproject.org/	GTEX-WCDI	http://www.lincsproject.org/	LINCS L1000 GTEx			cfde_subject_granularity:0
http://www.lincsproject.org/	GTEX-ZVTK	http://www.lincsproject.org/	LINCS L1000 GTEx			cfde_subject_granularity:0
http://www.lincsproject.org/	GTEX-VUSH	http://www.lincsproject.org/	LINCS L1000 GTEx			cfde_subject_granularity:0
http://www.lincsproject.org/	GTEX-R3RS	http://www.lincsproject.org/	LINCS L1000 GTEx			cfde_subject_granularity:0
http://www.lincsproject.org/	GTEX-ZE9C	http://www.lincsproject.org/	LINCS L1000 GTEx			cfde_subject_granularity:0
http://www.lincsproject.org/	GTEX-YFC4	http://www.lincsproject.org/	LINCS L1000 GTEx			cfde_subject_granularity:0
http://www.lincsproject.org/	GTEX-ZDYS	http://www.lincsproject.org/	LINCS L1000 GTEx			cfde_subject_granularity:0
http://www.lincsproject.org/	GTEX-ZF29	http://www.lincsproject.org/	LINCS L1000 GTEx			cfde_subject_granularity:0
http://www.lincsproject.org/	GTEX-ZF28	http://www.lincsproject.org/	LINCS L1000 GTEx			cfde_subject_granularity:0
http://www.lincsproject.org/	GTEX-T2YK	http://www.lincsproject.org/	LINCS L1000 GTEx			cfde_subject_granularity:0
http://www.lincsproject.org/	GTEX-XMD1	http://www.lincsproject.org/	LINCS L1000 GTEx			cfde_subject_granularity:0
http://www.lincsproject.org/	GTEX-U412	http://www.lincsproject.org/	LINCS L1000 GTEx			cfde_subject_granularity:0
http://www.lincsproject.org/	GTEX-ZVE1	http://www.lincsproject.org/	LINCS L1000 GTEx			cfde_subject_granularity:0
http://www.lincsproject.org/	GTEX-ZVT4	http://www.lincsproject.org/	LINCS L1000 GTEx			cfde_subject_granularity:0
